North,Islamabad,ISB0362,33.65353,73.04432,IslamabadA_Peshawar_1_1_W,P-P Link,Peshawar,PSH0319,33.97515,71.56509,M2B-ISB-MSC5-HRT-01,GigabitEthernet2/0/0,M2B-PSH-MGW-HRT-01,GigabitEthernet2/0/0,10 G,1,1,10G,Working,Islamabad-Taxilla-Kamra-Nowshera-Mardan-Charsada-Peshawar 
North,Islamabad,ISB0362,33.65353,73.04432,IslamabadA_LahoreA_1_1_W,P-P Link,Lahore,LHR8994,31.456142,74.326006,M2B-ISB-MSC5-HRT-01,100GE13/0/2,M2B-LHR-FRF-HRT-01,100GE8/0/0,100 G,4,4,100G,Working,"W: Islamabad-VSAT-Balkasar-Salem-PindiBhattian-Sheikhupura-FRF
P: Islamabad-GujarKhan-Jehlum-Gujrat-Silakot-Gujranwala-Mureedkay-FRF"
North,Islamabad,ISB0362,33.65353,73.04432,IslamabadA_LahoreA_1_1_P,P-P Link,Lahore,LHR8994,31.456142,74.326006,M2B-ISB-MSC5-HRT-01,100GE13/0/2,M2B-LHR-FRF-HRT-01,100GE8/0/0,100 G,4,4,100G,Protection,"W: Islamabad-VSAT-Balkasar-Salem-PindiBhattian-Sheikhupura-FRF
P: Islamabad-GujarKhan-Jehlum-Gujrat-Silakot-Gujranwala-Mureedkay-FRF"
North,Islamabad,ISB0362,33.65353,73.04432,IslamabadA_Faisalabad_1_1_W,P-P Link,Faisalabad,FSD3561,31.43824,73.13995,M2B-ISB-MSC5-HRT-01,GigabitEthernet4/0/1,M2B-FSD-ZT2-HRT-01,GigabitEthernet15/0/10,30 G,2,2,10G,Working,Islamabad-VSAT-Balkasar-Salem-PindiBhattian-Faisalabad
North,Islamabad,ISB0362,33.65353,73.04432,IslamabadA_Faisalabad_1_2_W,P-P Link,Faisalabad,FSD3561,31.43824,73.13995,M2B-ISB-MSC5-HRT-01,GigabitEthernet5/1/2  ,M2B-FSD-ZT2-HRT-01,GigabitEthernet9/0/10,30 G,2,2,10G,Working,Islamabad-VSAT-Balkasar-Salem-PindiBhattian-Faisalabad
North,Islamabad,ISB0362,33.65353,73.04432,IslamabadA_Faisalabad_1_3_W,P-P Link,Faisalabad,FSD3561,31.43824,73.13995,M2B-ISB-MSC5-HRT-01,GigabitEthernet5/0/2,M2B-FSD-ZT2-HRT-01,GigabitEthernet8/0/1,30 G,2,2,10G,Working,Islamabad-VSAT-Balkasar-Salem-PindiBhattian-Faisalabad
North,Islamabad,ISB0362,33.65353,73.04432,IslamabadA_KarachiA_1_1_W,P-P Link,Karachi,KHI0033,24.83763889,67.11222222,M2B-ISB-MSC5-HRT-01,GigabitEthernet5/0/3,M2B-KHI-BRQ2-HRT-01,GigabitEthernet2/0/3,30 G,3,3,10G,Working,"W: Islamabad-VSAT-Balkasar-Salem-PindBhattian-Faisalabad-TobaTek Singh-Khanewal-Warid MSC-Multan- Muzafargarh-DG Khan-Rajanpur-Kashomre-Shikarpur-Larkana-Mehar-Dadu-Kalari-Jamshoro-Nooriabad-Asia-BERQ
P: Islamabad-GujarKhan-Jehlum-Kharian-Gujrat-Wazirabad-Sialkot-Gujranwala-Muridkey-FRF-MC-Pattoki-Okara-Sahiwal-Bhawalnagar-Hasilpur-Bhawalpur-Ahmadpur-Khanpur-RahimYar Khan-Sadiqabad-Ghotki-Sukkur-Khairpur-Ranipur-Moro-Nawabshah-Hala-Hyderabad-Jharrak-Thatta-MDKA2437-Berq-Asia-Anum-BERQ"
North,Islamabad,ISB0362,33.65353,73.04432,IslamabadA_KarachiA_1_1_P,P-P Link,Karachi,KHI0033,24.83763889,67.11222222,M2B-ISB-MSC5-HRT-01,GigabitEthernet5/0/3,M2B-KHI-BRQ2-HRT-01,GigabitEthernet2/0/3,30 G,3,3,10G,Protection,"W: Islamabad-VSAT-Balkasar-Salem-PindBhattian-Faisalabad-TobaTek Singh-Khanewal-Warid MSC-Multan- Muzafargarh-DG Khan-Rajanpur-Kashomre-Shikarpur-Larkana-Mehar-Dadu-Kalari-Jamshoro-Nooriabad-Asia-BERQ
P: Islamabad-GujarKhan-Jehlum-Kharian-Gujrat-Wazirabad-Sialkot-Gujranwala-Muridkey-FRF-MC-Pattoki-Okara-Sahiwal-Bhawalnagar-Hasilpur-Bhawalpur-Ahmadpur-Khanpur-RahimYar Khan-Sadiqabad-Ghotki-Sukkur-Khairpur-Ranipur-Moro-Nawabshah-Hala-Hyderabad-Jharrak-Thatta-MDKA2437-Berq-Asia-Anum-BERQ"
North,Islamabad,ISB0362,33.65353,73.04432,IslamabadA_KarachiA_1_2_W,P-P Link,Karachi,KHI0033,24.83763889,67.11222222,M2B-ISB-MSC5-HRT-01,GigabitEthernet5/1/4,M2B-KHI-BRQ2-HRT-01,GigabitEthernet8/0/2,30 G,3,3,10G,Working,"W: Islamabad-VSAT-Balkasar-Salem-PindBhattian-Faisalabad-TobaTek Singh-Khanewal-Warid MSC-Multan- Muzafargarh-DG Khan-Rajanpur-Kashomre-Shikarpur-Larkana-Mehar-Dadu-Kalari-Jamshoro-Nooriabad-Asia-BERQ
P: Islamabad-GujarKhan-Jehlum-Kharian-Gujrat-Wazirabad-Sialkot-Gujranwala-Muridkey-FRF-MC-Pattoki-Okara-Sahiwal-Bhawalnagar-Hasilpur-Bhawalpur-Ahmadpur-Khanpur-RahimYar Khan-Sadiqabad-Ghotki-Sukkur-Khairpur-Ranipur-Moro-Nawabshah-Hala-Hyderabad-Jharrak-Thatta-MDKA2437-Berq-Asia-Anum-BERQ"
North,Islamabad,ISB0362,33.65353,73.04432,IslamabadA_KarachiA_1_2_P,P-P Link,Karachi,KHI0033,24.83763889,67.11222222,M2B-ISB-MSC5-HRT-01,GigabitEthernet5/1/4,M2B-KHI-BRQ2-HRT-01,GigabitEthernet8/0/2,30 G,3,3,10G,Protection,"W: Islamabad-VSAT-Balkasar-Salem-PindBhattian-Faisalabad-TobaTek Singh-Khanewal-Warid MSC-Multan- Muzafargarh-DG Khan-Rajanpur-Kashomre-Shikarpur-Larkana-Mehar-Dadu-Kalari-Jamshoro-Nooriabad-Asia-BERQ
P: Islamabad-GujarKhan-Jehlum-Kharian-Gujrat-Wazirabad-Sialkot-Gujranwala-Muridkey-FRF-MC-Pattoki-Okara-Sahiwal-Bhawalnagar-Hasilpur-Bhawalpur-Ahmadpur-Khanpur-RahimYar Khan-Sadiqabad-Ghotki-Sukkur-Khairpur-Ranipur-Moro-Nawabshah-Hala-Hyderabad-Jharrak-Thatta-MDKA2437-Berq-Asia-Anum-BERQ"
North,Islamabad,ISB0362,33.65353,73.04432,IslamabadA_KarachiA_1_3_W,P-P Link,Karachi,KHI0033,24.83763889,67.11222222,M2B-ISB-MSC5-HRT-01,GigabitEthernet4/0/6,M2B-KHI-BRQ2-HRT-01,GigabitEthernet4/0/0,30 G,3,3,10G,Working,"W: Islamabad-VSAT-Balkasar-Salem-PindBhattian-Faisalabad-TobaTek Singh-Khanewal-Warid MSC-Multan- Muzafargarh-DG Khan-Rajanpur-Kashomre-Shikarpur-Larkana-Mehar-Dadu-Kalari-Jamshoro-Nooriabad-Asia-BERQ
P: Islamabad-GujarKhan-Jehlum-Kharian-Gujrat-Wazirabad-Sialkot-Gujranwala-Muridkey-FRF-MC-Pattoki-Okara-Sahiwal-Bhawalnagar-Hasilpur-Bhawalpur-Ahmadpur-Khanpur-RahimYar Khan-Sadiqabad-Ghotki-Sukkur-Khairpur-Ranipur-Moro-Nawabshah-Hala-Hyderabad-Jharrak-Thatta-MDKA2437-Berq-Asia-Anum-BERQ"
North,Islamabad,ISB0362,33.65353,73.04432,IslamabadA_KarachiA_1_3_P,P-P Link,Karachi,KHI0033,24.83763889,67.11222222,M2B-ISB-MSC5-HRT-01,GigabitEthernet4/0/6,M2B-KHI-BRQ2-HRT-01,GigabitEthernet4/0/0,30 G,3,3,10G,Protection,"W: Islamabad-VSAT-Balkasar-Salem-PindBhattian-Faisalabad-TobaTek Singh-Khanewal-Warid MSC-Multan- Muzafargarh-DG Khan-Rajanpur-Kashomre-Shikarpur-Larkana-Mehar-Dadu-Kalari-Jamshoro-Nooriabad-Asia-BERQ
P: Islamabad-GujarKhan-Jehlum-Kharian-Gujrat-Wazirabad-Sialkot-Gujranwala-Muridkey-FRF-MC-Pattoki-Okara-Sahiwal-Bhawalnagar-Hasilpur-Bhawalpur-Ahmadpur-Khanpur-RahimYar Khan-Sadiqabad-Ghotki-Sukkur-Khairpur-Ranipur-Moro-Nawabshah-Hala-Hyderabad-Jharrak-Thatta-MDKA2437-Berq-Asia-Anum-BERQ"
North,Peshawar,PSH0319,33.97515,71.56509,Peshawar_LahoreB_1_1_W,P-P Link,Lahore,RUR3054,31.3968,74.2335,M2B-PSH-MGW-HRT-01,GigabitEthernet2/0/1,M2B-LHR-MCH-HRT-01,GigabitEthernet2/0/1,150 G,4,4,10G,Working,Pehsawar-Charsada-Mardan-Nowshera-Kamra-Taxila- Islamabad-VSAT-Balkasar-Salem-PindiBhattian-Sheikhpura-FRF-MC 
North,Peshawar,PSH0319,33.97515,71.56509,Peshawar_LahoreB_1_2_W,P-P Link,Lahore,RUR3054,31.3968,74.2335,M2B-PSH-MGW-HRT-01,GigabitEthernet6/0/1,M2B-LHR-MCH-HRT-01,GigabitEthernet 4/0/10,150 G,4,4,10G,Working,"P: Pehsawar-Kohat-Gandi Chowk-DI Khan-Bhakkar-Layyah-KotAddu-Muzafargarh-Multan-Warid MSC-Khanwal- Hasilpur-Bhawalnagar-Sahiwal-Okara-Pattoki-MC
W: Pehsawar-Charsada-Mardan-Nowshera-Kamra-Taxila- Islamabad-VSAT-Balkasar-Salem-PindiBhattian-Sheikhpura-FRF-MC "
North,Peshawar,PSH0319,33.97515,71.56509,Peshawar_LahoreB_1_2_P,P-P Link,Lahore,RUR3054,31.3968,74.2335,M2B-PSH-MGW-HRT-01,GigabitEthernet6/0/1,M2B-LHR-MCH-HRT-01,GigabitEthernet 4/0/10,150 G,4,4,10G,Protection,"P: Pehsawar-Kohat-Gandi Chowk-DI Khan-Bhakkar-Layyah-KotAddu-Muzafargarh-Multan-Warid MSC-Khanwal- Hasilpur-Bhawalnagar-Sahiwal-Okara-Pattoki-MC
W: Pehsawar-Charsada-Mardan-Nowshera-Kamra-Taxila- Islamabad-VSAT-Balkasar-Salem-PindiBhattian-Sheikhpura-FRF-MC "
Center A,Lahore,LHR8994,31.456142,74.326006,LahoreA_Gujranwala_1_3_W,P-PE Link,Gujranwala,GUJ3302,32.2052,74.1749,M2B-LHR-FRF-HRT-01,GigabitEthernet2/0/4,M2B-GJW-MGW-HRT-01,GigabitEthernet6/0/1,130G,32,,10G,Working,FRF-Gujranwala
North,Peshawar,PSH0319,33.97515,71.56509,Peshawar_LahoreB_1_3_W,P-P Link,Lahore,RUR3054,31.3968,74.2335,M2B-PSH-MGW-HRT-01,GigabitEthernet6/0/4,M2B-LHR-MCH-HRT-01,GigabitEthernet2/0/0,150 G,4,4,10G,Working,Pehsawar-Charsada-Mardan-Nowshera-Kamra-Taxila- Islamabad-VSAT-Balkasar-Salem-PindiBhattian-Sheikhpura-FRF-MC 
North,Peshawar,PSH0319,33.97515,71.56509,Peshawar_LahoreB_1_4_W,P-P Link,Lahore,RUR3054,31.3968,74.2335,M2B-PSH-MGW-HRT-01,Gig4/0/4,M2B-LHR-MCH-HRT-01,Gig3/0/3,150 G,4,4,10G,Working,Pehsawar-Charsada-Mardan-Nowshera-Kamra-Taxila- Islamabad-VSAT-Balkasar-Salem-PindiBhattian-Sheikhpura-FRF-MC 
North,Peshawar,PSH0319,33.97515,71.56509,Peshawar_LahoreB_1_5_W,P-P Link,Lahore,RUR3054,31.3968,74.2335,M2B-PSH-MGW-HRT-01,Gig5/0/4,M2B-LHR-MCH-HRT-01,Gig3/0/10,150 G,4,4,10G,Working,Pehsawar-Charsada-Mardan-Nowshera-Kamra-Taxila- Islamabad-VSAT-Balkasar-Salem-PindiBhattian-Sheikhpura-FRF-MC 
North,Peshawar,PSH0319,33.97515,71.56509,Peshawar_LahoreB_3_2_W,P-P Link,Lahore,RUR3054,31.3968,74.2335,M2B-PSH-MGW-HRT-01,100GE7/0/1,M2B-LHR-MCH-HRT-01,100GE7/0/0,150 G,4,4,100G,Working,"W: Pehsawar-Kohat-Gandi Chowk-DI Khan-Bhakkar-Layyah-KotAddu-Muzafargarh-Multan-Bhawalpur-Hasilpur-Bhawalnagar-Sahiwal-Okara-Pattoki-MC
P: Pehsawar-Charsada-Mardan-Nowshera-Kamra-Taxila- Islamabad-GujjarKhan-Jhelum-Kharian-Gujrat-Sialkot-Gujranwala-Muridkey-FRF-MC"
North,Peshawar,PSH0319,33.97515,71.56509,Peshawar_LahoreB_3_2_P,P-P Link,Lahore,RUR3054,31.3968,74.2335,M2B-PSH-MGW-HRT-01,100GE7/0/1,M2B-LHR-MCH-HRT-01,100GE7/0/0,150 G,4,4,100G,Protection,"W: Pehsawar-Kohat-Gandi Chowk-DI Khan-Bhakkar-Layyah-KotAddu-Muzafargarh-Multan-Bhawalpur-Hasilpur-Bhawalnagar-Sahiwal-Okara-Pattoki-MC
P: Pehsawar-Charsada-Mardan-Nowshera-Kamra-Taxila- Islamabad-GujjarKhan-Jhelum-Kharian-Gujrat-Sialkot-Gujranwala-Muridkey-FRF-MC"
North,Peshawar,PSH0319,33.97515,71.56509,Peshawar_Multan_1_1_W,P-P Link,Multan,MSC0001,30.1907,71.4506,M2B-PSH-MGW-HRT-01,GigabitEthernet2/0/2,M2B-MLT-REX-HRT-01,GigabitEthernet2/0/2,20 G,2,2,10G,Working,Pehsawar-Charsada-Mardan-Nowshera-Kamra-Taxila- Islamabad-GujjarKhan-Jhelum-Kharian-Gujrat-Sialkot-Gujranwala-Muridkey-FRF-MC-Okara-Pattoki-Sahiwal-Bhawalnagar-Hasilpur-Bhawalpur-Multan
North,Peshawar,PSH0319,33.97515,71.56509,Peshawar_Multan_2_1_W,P-P Link,Multan,MSC0001,30.1907,71.4506,M2B-PSH-MGW-HRT-01,GigabitEthernet5/0/5,M2B-MLT-REX-HRT-01,GigabitEthernet7/0/1,20 G,2,2,10G,Working,Pehsawar-Kohat-Karak-Gandi Chowk-DI Khan-Bhakkar-Layyah-KotAddu-Muzafargarh-Multan
North,Peshawar,PSH0319,33.97515,71.56509,Peshawar_KarachiB_1_1_W,P-P Link,Karachi,KHI0033,24.83763889,67.11222222,M2B-PSH-MGW-HRT-01,GigabitEthernet2/0/3,M2B-KHI-BRQ1-HRT-01,GigabitEthernet2/0/3,10 G,3,3,10G,Working,Peshawar-Kohat-GandiChowk-DI Khan-Bhakkar-Thal-Jhang-Faisalabad-TobaTek Singh-Shorkot-Khanewal-Multan-Muzafargarh-DG Khan-Jampur-Rajanpur-Kashomre-Ghouspur-Shikarpur-Larkana-Mehar-Dadu-Sehwan-Kalari-Jamshoro-Nooriabad-Asia-Berq
Center A,Lahore,LHR8994,31.456142,74.326006,LahoreA_LahoreB_1_1_W,P-P Link,Lahore,RUR3054,31.3968,74.2335,M2B-LHR-FRF-HRT-01,GigabitEthernet6/0/4 ,M2B-LHR-MCH-HRT-01,GigabitEthernet4/0/5,10 G,1,1,10G,Working,MC-Pattoki-Okara-Sahiwal-Bhawalnagar-Hasilpur-Khanewal-Tobatek Singh-Faisalabad-PindiBhattian-Sheikhupura-FRF
Center A,Lahore,LHR8994,31.456142,74.326006,LahoreA_Faisalabad_1_1_W,P-P Link,Faisalabad,FSD3561,31.43824,73.13995,M2B-LHR-FRF-HRT-01,100GE14/0/0,M2B-FSD-ZT2-HRT-01,50|100GE11/0/2,200G,3,3,100G,Working,"W: FRF-Sheikhupura-PindiBhattian-Faisalabad
P: FRF-MC-Pattoki-Okara-Sahiwal-Bhawalnagar-Hasilpur-Vehari-Chichawatni-Khanewal-Shorkot--TobaTek Singh-Faisalabad"
Center A,Lahore,LHR8994,31.456142,74.326006,LahoreA_Faisalabad_1_1_P,P-P Link,Faisalabad,FSD3561,31.43824,73.13995,M2B-LHR-FRF-HRT-01,100GE14/0/0,M2B-FSD-ZT2-HRT-01,50|100GE11/0/2,200G,3,3,100G,Protection,"W: FRF-Sheikhupura-PindiBhattian-Faisalabad
P: FRF-MC-Pattoki-Okara-Sahiwal-Bhawalnagar-Hasilpur-Vehari-Chichawatni-Khanewal-Shorkot--TobaTek Singh-Faisalabad"
Center A,Lahore,LHR8994,31.456142,74.326006,LahoreA_Faisalabad_2_1_W,P-P Link,Faisalabad,FSD3561,31.43824,73.13995,M2B-LHR-FRF-HRT-01,100GE10/1/0,M2B-FSD-ZT2-HRT-01,50|100GE7/0/2,200G,3,3,100G,Working,"W: FRF-Muridkey-Gujranwala-Hafizabad-PindiBhattain-Sargodha-Chiniot-Faisalabad
P: FRF-MC-Pattoki-Okara-Sahiwal-Bhawalnagar-Hasilpur-Vehari-Chichawatni-Khanewal-Shorkot--TobaTek Singh-Faisalabad"
Center A,Lahore,LHR8994,31.456142,74.326006,LahoreA_Faisalabad_2_1_P,P-P Link,Faisalabad,FSD3561,31.43824,73.13995,M2B-LHR-FRF-HRT-01,100GE10/1/0,M2B-FSD-ZT2-HRT-01,50|100GE7/0/2,200G,3,3,100G,Protection,"W: FRF-Muridkey-Gujranwala-Hafizabad-PindiBhattain-Sargodha-Chiniot-Faisalabad
P: FRF-MC-Pattoki-Okara-Sahiwal-Bhawalnagar-Hasilpur-Vehari-Chichawatni-Khanewal-Shorkot--TobaTek Singh-Faisalabad"
Center A,Lahore,LHR8994,31.456142,74.326006,LahoreA_KarachiA_1_1_W,P-P Link,Karachi,KHI0033,24.83763889,67.11222222,M2B-LHR-FRF-HRT-01,GigabitEthernet2/0/2,M2B-KHI-BRQ2-HRT-01,GigabitEthernet2/0/2,30 G,2,2,10G,Working,"W: FRF-MC-Pattoki-Okara-Sahiwal-Bhawalnagar-Hasilpur-Bhawalpur-Ahmadpur-Khanpur-RahimYar Khan-Sadiqabad-Ghotki-Sukkur-Khairpur-Ranipur-Moro-Nawabshah-Hala-Hyderabad-Jharrak-Thatta-MDKA2437-BERQ-Asia-Berq
P: FRF-Sheikhupura-PindiBhattian-Faisalabad-TobaTek Singh-Khanewal-Multan-Muzafargarh-DG Khan-Rajanpur-Kashomre-Shikarpur-Larkana-Mehar-Dadu-Kalari-Jamshoro-Nooriabad-Asia-Anum-BERQ"
Center A,Lahore,LHR8994,31.456142,74.326006,LahoreA_KarachiA_1_1_P,P-P Link,Karachi,KHI0033,24.83763889,67.11222222,M2B-LHR-FRF-HRT-01,GigabitEthernet2/0/2,M2B-KHI-BRQ2-HRT-01,GigabitEthernet2/0/2,30 G,2,2,10G,Protection,"W: FRF-MC-Pattoki-Okara-Sahiwal-Bhawalnagar-Hasilpur-Bhawalpur-Ahmadpur-Khanpur-RahimYar Khan-Sadiqabad-Ghotki-Sukkur-Khairpur-Ranipur-Moro-Nawabshah-Hala-Hyderabad-Jharrak-Thatta-MDKA2437-BERQ-Asia-Berq
P: FRF-Sheikhupura-PindiBhattian-Faisalabad-TobaTek Singh-Khanewal-Multan-Muzafargarh-DG Khan-Rajanpur-Kashomre-Shikarpur-Larkana-Mehar-Dadu-Kalari-Jamshoro-Nooriabad-Asia-Anum-BERQ"
Center A,Lahore,LHR8994,31.456142,74.326006,LahoreA_KarachiA_1_2_W,P-P Link,Karachi,KHI0033,24.83763889,67.11222222,M2B-LHR-FRF-HRT-01, Gig16/0/4,M2B-KHI-BRQ2-HRT-01,Gig4/0/2,30 G,2,2,10G,Working,"W: FRF-MC-Pattoki-Okara-Sahiwal-Bhawalnagar-Hasilpur-Bhawalpur-Ahmadpur-Khanpur-RahimYar Khan-Sadiqabad-Ghotki-Sukkur-Khairpur-Ranipur-Moro-Nawabshah-Hala-Hyderabad-Jharrak-Thatta-MDKA2437-BERQ-Asia-Berq
P: FRF-Sheikhupura-PindiBhattian-Faisalabad-TobaTek Singh-Khanewal-Multan-Muzafargarh-DG Khan-Rajanpur-Kashomre-Shikarpur-Larkana-Mehar-Dadu-Kalari-Jamshoro-Nooriabad-Asia-Anum-BERQ"
Center A,Lahore,LHR8994,31.456142,74.326006,LahoreA_KarachiA_1_2_P,P-P Link,Karachi,KHI0033,24.83763889,67.11222222,M2B-LHR-FRF-HRT-01, Gig16/0/4,M2B-KHI-BRQ2-HRT-01,Gig4/0/2,30 G,2,2,10G,Protection,"W: FRF-MC-Pattoki-Okara-Sahiwal-Bhawalnagar-Hasilpur-Bhawalpur-Ahmadpur-Khanpur-RahimYar Khan-Sadiqabad-Ghotki-Sukkur-Khairpur-Ranipur-Moro-Nawabshah-Hala-Hyderabad-Jharrak-Thatta-MDKA2437-BERQ-Asia-Berq
P: FRF-Sheikhupura-PindiBhattian-Faisalabad-TobaTek Singh-Khanewal-Multan-Muzafargarh-DG Khan-Rajanpur-Kashomre-Shikarpur-Larkana-Mehar-Dadu-Kalari-Jamshoro-Nooriabad-Asia-Anum-BERQ"
Center B,Multan,MSC0001,30.1907,71.4506,Multan_KarachiB_3_1_W,P-P Link,Karachi,KHI0033,24.83763889,67.11222222,M2B-MLT-REX-HRT-01,GigabitEthernet2/0/4,M2B-KHI-BRQ1-HRT-01,GigabitEthernet2/0/4,160 G,4,4,10G,Working,Multan-Muzafargarh-DG Khan-Rajanpur-Kashomre-Shikarpur-Larkana-Mehar-Dadu-Kalari-Jamshoro-Nooriabad-Asia-Anum-Berq
Center A,Lahore,LHR8994,31.456142,74.326006,LahoreA_KarachiA_1_3_W,P-P Link,Karachi,KHI0033,24.83763889,67.11222222,M2B-LHR-FRF-HRT-01, Gig16/0/6,M2B-KHI-BRQ2-HRT-01, Gig4/0/5,30 G,2,2,10G,Working,"W: FRF-MC-Pattoki-Okara-Sahiwal-Bhawalnagar-Hasilpur-Bhawalpur-Ahmadpur-Khanpur-RahimYar Khan-Sadiqabad-Ghotki-Sukkur-Khairpur-Ranipur-Moro-Nawabshah-Hala-Hyderabad-Jharrak-Thatta-MDKA2437-BERQ-Asia-Berq
P: FRF-Sheikhupura-PindiBhattian-Faisalabad-TobaTek Singh-Khanewal-Multan-Muzafargarh-DG Khan-Rajanpur-Kashomre-Shikarpur-Larkana-Mehar-Dadu-Kalari-Jamshoro-Nooriabad-Asia-Anum-BERQ"
Center A,Lahore,LHR8994,31.456142,74.326006,LahoreA_KarachiA_1_3_P,P-P Link,Karachi,KHI0033,24.83763889,67.11222222,M2B-LHR-FRF-HRT-01, Gig16/0/6,M2B-KHI-BRQ2-HRT-01, Gig4/0/5,30 G,2,2,10G,Protection,"W: FRF-MC-Pattoki-Okara-Sahiwal-Bhawalnagar-Hasilpur-Bhawalpur-Ahmadpur-Khanpur-RahimYar Khan-Sadiqabad-Ghotki-Sukkur-Khairpur-Ranipur-Moro-Nawabshah-Hala-Hyderabad-Jharrak-Thatta-MDKA2437-BERQ-Asia-Berq
P: FRF-Sheikhupura-PindiBhattian-Faisalabad-TobaTek Singh-Khanewal-Multan-Muzafargarh-DG Khan-Rajanpur-Kashomre-Shikarpur-Larkana-Mehar-Dadu-Kalari-Jamshoro-Nooriabad-Asia-Anum-BERQ"
Center A,Lahore,RUR3054,31.3968,74.2335,LahoreB_Multan_1_1_W,P-P Link,Multan,MSC0001,30.1907,71.4506,M2B-LHR-MCH-HRT-01,GigabitEthernet2/0/3,M2B-MLT-REX-HRT-01,GigabitEthernet2/0/3,240 G,3,3,10G,Working,MC-Pattoki-Okara-Sahiwal-Arifwala-Bhawalnagar-Hasilpur-Bhawalpur-Lodhran-Multan
Center A,Lahore,RUR3054,31.3968,74.2335,LahoreB_Multan_1_2_W,P-P Link,Multan,MSC0001,30.1907,71.4506,M2B-LHR-MCH-HRT-01,GigabitEthernet6/0/1,M2B-MLT-REX-HRT-01,GigabitEthernet7/0/4,240 G,3,3,10G,Working,MC-Pattoki-Okara-Sahiwal-Arifwala-Bhawalnagar-Hasilpur-Bhawalpur-Lodhran-Multan
Center A,Lahore,RUR3054,31.3968,74.2335,LahoreB_Multan_2_1_W,P-P Link,Multan,MSC0001,30.1907,71.4506,M2B-LHR-MCH-HRT-01,GigabitEthernet6/0/3,M2B-MLT-REX-HRT-01,GigabitEthernet5/0/1,240 G,3,3,10G,Working,MC-Pattoki-Okara-Sahiwal-Bhawalnagar-Hasilpur-Vehari-Chichawatni-Khanewal-Warid MSC-Multan
Center A,Lahore,RUR3054,31.3968,74.2335,LahoreB_Multan_1_3_W,P-P Link,Multan,MSC0001,30.1907,71.4506,M2B-LHR-MCH-HRT-01,Gig4/0/4,M2B-MLT-REX-HRT-01,Gig4/0/7,240 G,3,3,10G,Working,MC-Pattoki-Okara-Sahiwal-Bhawalnagar-Hasilpur-Bhawalpur-Multan
Center A,Lahore,RUR3054,31.3968,74.2335,LahoreB_Multan_1_4_W,P-P Link,Multan,MSC0001,30.1907,71.4506,M2B-LHR-MCH-HRT-01,100GE7/0/1,M2B-MLT-REX-HRT-01,100GE9/0/1,240 G,3,3,100G,Working,"W: MC-Pattoki-Okara-Sahiwal-Bhawalnagar-Hasilpur-Bhawalpur-Multan
P: MC-FRF-Sheikhupura-PindiBhattian-Faisalabad-TobaTek Singh-Khanewal-Multan"
Center A,Lahore,RUR3054,31.3968,74.2335,LahoreB_Multan_1_4_P,P-P Link,Multan,MSC0001,30.1907,71.4506,M2B-LHR-MCH-HRT-01,100GE7/0/1,M2B-MLT-REX-HRT-01,100GE9/0/1,240 G,3,3,100G,Protection,"W: MC-Pattoki-Okara-Sahiwal-Bhawalnagar-Hasilpur-Bhawalpur-Multan
P: MC-FRF-Sheikhupura-PindiBhattian-Faisalabad-TobaTek Singh-Khanewal-Multan"
Center A,Lahore,RUR3054,31.3968,74.2335,LahoreB_Multan_1_5_W,P-P Link,Multan,MSC0001,30.1907,71.4506,M2B-LHR-MCH-HRT-01,50|100GE10/0/2,M2B-MLT-REX-HRT-01,50|100GE6/1/2,240 G,3,3,100G,Working,"W: MC-Pattoki-Okara-Sahiwal-Bhawalnagar-Hasilpur-Bhawalpur-Multan
P: MC-FRF-Sheikhupura-PindiBhattian-Faisalabad-TobaTek Singh-Khanewal-Multan"
Center A,Lahore,RUR3054,31.3968,74.2335,LahoreB_Multan_1_5_P,P-P Link,Multan,MSC0001,30.1907,71.4506,M2B-LHR-MCH-HRT-01,50|100GE10/0/2,M2B-MLT-REX-HRT-01,50|100GE6/1/2,240 G,3,3,100G,Protection,"W: MC-Pattoki-Okara-Sahiwal-Bhawalnagar-Hasilpur-Bhawalpur-Multan
P: MC-FRF-Sheikhupura-PindiBhattian-Faisalabad-TobaTek Singh-Khanewal-Multan"
Center A,Lahore,RUR3054,31.3968,74.2335,LahoreB_KarachiB_1_1_W,P-P Link,Karachi,KHI0033,24.83763889,67.11222222,M2B-LHR-MCH-HRT-01,GigabitEthernet2/0/2,M2B-KHI-BRQ1-HRT-01,GigabitEthernet2/0/2,20 G,2,2,10G,Working,MC-Pattoki-Okara-Sahiwal-Arifwala-Bhawalnagar-Hasilpur-Bhawalpur-Ahmedpur-Khanpur-RahimYar Khan-Sadiqabad-Ghotki-Sukkur-Khairpur-Ranipur-Moro-Nawabshah-Hala-Hyderabad-Jharrak-Thatta-Gharo-BERQ
Center A,Lahore,RUR3054,31.3968,74.2335,LahoreB_KarachiB_1_2_W,P-P Link,Karachi,KHI0033,24.83763889,67.11222222,M2B-LHR-MCH-HRT-01,Gig3/0/11,M2B-KHI-BRQ1-HRT-01,Gig9/0/3,20 G,2,2,10G,Working,MC-Pattoki-Okara-Sahiwal-Arifwala-Bhawalnagar-Hasilpur-Bhawalpur-Ahmedpur-Khanpur-RahimYar Khan-Sadiqabad-Ghotki-Sukkur-Khairpur-Ranipur-Moro-Nawabshah-Hala-Hyderabad-Jharrak-Thatta-Gharo-BERQ
Center B,Faisalabad,FSD3561,31.43824,73.13995,Faisalabad_Multan_1_1_W,P-P Link,Multan,MSC0001,30.1907,71.4506,M2B-FSD-ZT2-HRT-01,GigabitEthernet15/1/2,M2B-MLT-REX-HRT-01,GigabitEthernet4/1/11,10 G,1,1,10G,Working,Faisalabad-Pindibhattain-Sheikhupura-FRF-MC-Pattoki-Okara-Sahiwal-Arifwala-Bhawalnagar-Hasilpur-Lodhran-Multan
Center B,Faisalabad,FSD3561,31.43824,73.13995,Faisalabad_KarachiA_2_1_W,P-P Link,Karachi,KHI0033,24.83763889,67.11222222,M2B-FSD-ZT2-HRT-01,GigabitEthernet15/0/5,M2B-KHI-BRQ2-HRT-01,GigabitEthernet2/0/1,50G,4,4,10G,Working,Faisalabad-TobaTek Singh-Khanewal-Hasilpur-Bhawalpur-Ahmadpur-Khanpur-RahimYar Khan-Sadiqabad-Ghotki-Sukkur-Khairpur-Ranipur-Moro-Nawabshah-Hala-Hyderabad-Jharrak-Thatta-MDKA2437-BERQ
Center B,Faisalabad,FSD3561,31.43824,73.13995,Faisalabad_KarachiA_1_1_W,P-P Link,Karachi,KHI0033,24.83763889,67.11222222,M2B-FSD-ZT2-HRT-01,GigabitEthernet9/0/0,M2B-KHI-BRQ2-HRT-01,GigabitEthernet3/0/1,50G,4,4,10G,Working,Faisalabad-Pindibhattain-Sheikhupura-FRF-MC-Pattoki-Okara-Sahiwal-Bhawalnagar-Hasilpur-Bhawalpur-Ahmadpur-Khanpur-RahimYar Khan-Sadiqabad-Ghotki-Sukkur-Khairpur-Moro-Nawabshah-Halla-Hyderabad-Jharrak-Thatta-BERQ
Center B,Faisalabad,FSD3561,31.43824,73.13995,Faisalabad_KarachiA_1_3_W,P-P Link,Karachi,KHI0033,24.83763889,67.11222222,M2B-FSD-ZT2-HRT-01,GigabitEthernet9/0/5,M2B-KHI-BRQ2-HRT-01,GigabitEthernet4/0/1 ,50G,4,4,10G,Working,Faisalabad-Pindibhattain-Sheikhupura-FRF-MC-Pattoki-Okara-Sahiwal-Bhawalnagar-Hasilpur-Bhawalpur-Ahmadpur-Khanpur-RahimYar Khan-Sadiqabad-Ghotki-Sukkur-Khairpur-Moro-Nawabshah-Halla-Hyderabad-Jharrak-Thatta-BERQ
Center B,Faisalabad,FSD3561,31.43824,73.13995,Faisalabad_KarachiA_1_2_W,P-P Link,Karachi,KHI0033,24.83763889,67.11222222,M2B-FSD-ZT2-HRT-01,Gig9/0/6,M2B-KHI-BRQ2-HRT-01,Gig4/0/4,50G,4,4,10G,Working,Faisalabad-Pindibhattain-Sheikhupura-FRF-MC-Pattoki-Okara-Sahiwal-Bhawalnagar-Hasilpur-Bhawalpur-Ahmadpur-Khanpur-RahimYar Khan-Sadiqabad-Ghotki-Sukkur-Khairpur-Moro-Nawabshah-Halla-Hyderabad-Jharrak-Thatta-BERQ
Center B,Faisalabad,FSD3561,31.43824,73.13995,Faisalabad_KarachiA_1_4_W,P-P Link,Karachi,KHI0033,24.83763889,67.11222222,M2B-FSD-ZT2-HRT-01,Gig 15/1/11,M2B-KHI-BRQ2-HRT-01,Gig 4/0/10,50G,4,4,10G,Working,Faisalabad-Pindibhattain-Sheikhupura-FRF-MC-Pattoki-Okara-Sahiwal-Bhawalnagar-Hasilpur-Bhawalpur-Ahmadpur-Khanpur-RahimYar Khan-Sadiqabad-Ghotki-Sukkur-Khairpur-Moro-Nawabshah-Halla-Hyderabad-Jharrak-Thatta-BERQ
Center B,Multan,MSC0001,30.1907,71.4506,Multan_KarachiB_1_1_W,P-P Link,Karachi,KHI0033,24.83763889,67.11222222,M2B-MLT-REX-HRT-01,GigabitEthernet2/0/1,M2B-KHI-BRQ1-HRT-01,GigabitEthernet2/0/1,160 G,4,4,10G,Working,BERQ-Asia-Nooriabad-Jamshoro-Kalari-Dadu-Mehar-Larkana-Shikarpur-Kashmore-Rajanpur-DG Khan-Muzafargarh-Multan
Center A,Lahore,LHR8994,31.456142,74.326006,LahoreA_Gujranwala_1_2_W,P-PE Link,Gujranwala,GUJ3302,32.2052,74.1749,M2B-LHR-FRF-HRT-01,GigabitEthernet2/0/3,M2B-GJW-MGW-HRT-01,GigabitEthernet6/0/0,130G,32,,10G,Working,FRF-Gujranwala
Center B,Multan,MSC0001,30.1907,71.4506,Multan_KarachiB_3_2_W,P-P Link,Karachi,KHI0033,24.83763889,67.11222222,M2B-MLT-REX-HRT-01,GigabitEthernet4/1/9,M2B-KHI-BRQ1-HRT-01,GigabitEthernet9/0/1,160 G,4,4,10G,Working,Multan-Muzafargarh-DG Khan-Rajanpur-Kashomre-Shikarpur-Larkana-Mehar-Dadu-Kalari-Jamshoro-Nooriabad-Asia-Anum-Berq
Center B,Multan,MSC0001,30.1907,71.4506,Multan_KarachiB_3_3_W,P-P Link,Karachi,KHI0033,24.83763889,67.11222222,M2B-MLT-REX-HRT-01,Gig4/1/4,M2B-KHI-BRQ1-HRT-01,Gig9/0/2,160 G,4,4,10G,Working,Multan-Muzafargarh-DG Khan-Rajanpur-Kashomre-Shikarpur-Larkana-Mehar-Dadu-Kalari-Jamshoro-Nooriabad-Asia-Anum-Berq
Center B,Multan,MSC0001,30.1907,71.4506,Multan_KarachiB_3_4_W,P-P Link,Karachi,KHI0033,24.83763889,67.11222222,M2B-MLT-REX-HRT-01,Gig4/0/0,M2B-KHI-BRQ1-HRT-01,Gig9/0/0,160 G,4,4,10G,Working,Multan-Muzafargarh-DG Khan-Rajanpur-Kashomre-Shikarpur-Larkana-Mehar-Dadu-Kalari-Jamshoro-Nooriabad-Asia-Anum-Berq
Center B,Multan,MSC0001,30.1907,71.4506,Multan_KarachiB_3_5_W,P-P Link,Karachi,KHI0033,24.83763889,67.11222222,M2B-MLT-REX-HRT-01,Gig 4/1/3,M2B-KHI-BRQ1-HRT-01,Gig 14/0/10,160 G,4,4,10G,Working,Multan-Muzafargarh-DG Khan-Rajanpur-Kashomre-Shikarpur-Larkana-Mehar-Dadu-Kalari-Jamshoro-Nooriabad-Asia-Anum-Berq
Center B,Multan,MSC0001,30.1907,71.4506,Multan_KarachiB_2_1_W,P-P Link,Karachi,KHI0033,24.83763889,67.11222222,M2B-MLT-REX-HRT-01,100GE9/1/0,M2B-KHI-BRQ1-HRT-01,100GE10/0/2,160 G,4,4,100G,Working,"W: Multan-Muzafargarh-DG Khan-Rajanpur-Kashomre-Shikarpur-Larkana-Mehar-Dadu-Kalari-Jamshoro-Nooriabad-Asia-Berq
P: Multan-Lodharan-Bhawalpur-AhmadPur-Khanpur-RahimYar Khan-Sadiqabad-Ghotki-Sukkur-Khairpur-Moro-Nawabshah-Halla-Hyderabad-Jharrak-Thatta-BERQ"
Center B,Multan,MSC0001,30.1907,71.4506,Multan_KarachiB_2_1_P,P-P Link,Karachi,KHI0033,24.83763889,67.11222222,M2B-MLT-REX-HRT-01,100GE9/1/0,M2B-KHI-BRQ1-HRT-01,100GE10/0/2,160 G,4,4,100G,Protection,"W: Multan-Muzafargarh-DG Khan-Rajanpur-Kashomre-Shikarpur-Larkana-Mehar-Dadu-Kalari-Jamshoro-Nooriabad-Asia-Berq
P: Multan-Lodharan-Bhawalpur-AhmadPur-Khanpur-RahimYar Khan-Sadiqabad-Ghotki-Sukkur-Khairpur-Moro-Nawabshah-Halla-Hyderabad-Jharrak-Thatta-BERQ"
Center A,Lahore,LHR8994,31.456142,74.326006,LahoreA_LahoreB_2_1_W,P-PE Link,Lahore,RUR3054,31.3968,74.2335,M2B-LHR-FRF-HRT-01,50|100GE 9/0/0,"M2B-LHR-MCH-HRT-02
LM",50|100GE1/0/2,200G,30,0,100G,Working,FRF-MC
Center A,Lahore,LHR8994,31.456142,74.326006,LahoreA_LahoreB_2_2_W,P-PE Link,Lahore,RUR3054,31.3968,74.2335,M2B-LHR-FRF-HRT-01,50|100GE 9/0/1,"M2B-LHR-MCH-HRT-02
LM",50|100GE1/0/0,200G,30,0,100G,Working,FRF-MC
Center A,Lahore,LHR8994,31.456142,74.326006,LahoreA_LahoreC_1_1_W,P-PE Link,Lahore,LHR1183,31.4424,74.3233,M2B-LHR-FRF-HRT-01,50|100GE5/1/1,M2B-LHR-KLP-HRT-01,100GE2/1/0,800G,36,0,100G,Working,"W: FRF-KLP (via Hamdard Chowk)
P: FRF-KLP (via Dawn Bread Factory)"
Center A,Lahore,LHR8994,31.456142,74.326006,LahoreA_LahoreC_1_1_P,P-PE Link,Lahore,LHR1183,31.4424,74.3233,M2B-LHR-FRF-HRT-01,50|100GE5/1/1,M2B-LHR-KLP-HRT-01,100GE2/1/0,800G,36,0,100G,Protection,"W: FRF-KLP (via Hamdard Chowk)
P: FRF-KLP (via Dawn Bread Factory)"
Center A,Lahore,LHR8994,31.456142,74.326006,LahoreA_LahoreC_1_2_W,P-PE Link,Lahore,LHR1183,31.4424,74.3233,M2B-LHR-FRF-HRT-01,50|100GE5/0/0,M2B-LHR-KLP-HRT-01,50|100GE3/0/0,800G,36,0,100G,Working,"W: FRF-KLP (via Hamdard Chowk)
P: FRF-KLP (via Dawn Bread Factory)"
Center A,Lahore,LHR8994,31.456142,74.326006,LahoreA_LahoreC_1_2_P,P-PE Link,Lahore,LHR1183,31.4424,74.3233,M2B-LHR-FRF-HRT-01,50|100GE5/0/0,M2B-LHR-KLP-HRT-01,50|100GE3/0/0,800G,36,0,100G,Protection,"W: FRF-KLP (via Hamdard Chowk)
P: FRF-KLP (via Dawn Bread Factory)"
Center A,Lahore,LHR8994,31.456142,74.326006,LahoreA_LahoreC_1_3_W,P-PE Link,Lahore,LHR1183,31.4424,74.3233,M2B-LHR-FRF-HRT-01,50|100GE5/0/1,M2B-LHR-KLP-HRT-01,50|100GE3/0/2,800G,36,0,100G,Working,"W: FRF-KLP (via Hamdard Chowk)
P: FRF-KLP (via Dawn Bread Factory)"
Center A,Lahore,LHR8994,31.456142,74.326006,LahoreA_LahoreC_1_3_P,P-PE Link,Lahore,LHR1183,31.4424,74.3233,M2B-LHR-FRF-HRT-01,50|100GE5/0/1,M2B-LHR-KLP-HRT-01,50|100GE3/0/2,800G,36,0,100G,Protection,"W: FRF-KLP (via Hamdard Chowk)
P: FRF-KLP (via Dawn Bread Factory)"
Center A,Lahore,LHR8994,31.456142,74.326006,LahoreA_LahoreC_1_4_W,P-PE Link,Lahore,LHR1183,31.4424,74.3233,M2B-LHR-FRF-HRT-01,50|100GE9/1/0,M2B-LHR-KLP-HRT-01,50|100GE3/1/0,800G,36,0,100G,Working,"W: FRF-KLP (via Hamdard Chowk)
P: FRF-KLP (via Dawn Bread Factory)"
Center A,Lahore,LHR8994,31.456142,74.326006,LahoreA_LahoreC_1_4_P,P-PE Link,Lahore,LHR1183,31.4424,74.3233,M2B-LHR-FRF-HRT-01,50|100GE9/1/0,M2B-LHR-KLP-HRT-01,50|100GE3/1/0,800G,36,0,100G,Protection,"W: FRF-KLP (via Hamdard Chowk)
P: FRF-KLP (via Dawn Bread Factory)"
Center A,Lahore,LHR8994,31.456142,74.326006,LahoreA_LahoreC_1_5_W,P-PE Link,Lahore,LHR1183,31.4424,74.3233,M2B-LHR-FRF-HRT-01,50|100GE4/0/6,M2B-LHR-KLP-HRT-01,50|100GE9/0/6,800G,36,0,100G,Working,"W: FRF-KLP (via Hamdard Chowk)
P: FRF-KLP (via Dawn Bread Factory)"
Center A,Lahore,LHR8994,31.456142,74.326006,LahoreA_LahoreC_1_5_P,P-PE Link,Lahore,LHR1183,31.4424,74.3233,M2B-LHR-FRF-HRT-01,50|100GE4/0/6,M2B-LHR-KLP-HRT-01,50|100GE9/0/6,800G,36,0,100G,Protection,"W: FRF-KLP (via Hamdard Chowk)
P: FRF-KLP (via Dawn Bread Factory)"
Center A,Lahore,LHR8994,31.456142,74.326006,LahoreA_LahoreC_1_6_W,P-PE Link,Lahore,LHR1183,31.4424,74.3233,M2B-LHR-FRF-HRT-01,50|100GE4/1/0,M2B-LHR-KLP-HRT-01,50|100GE9/1/0,800G,36,0,100G,Working,"W: FRF-KLP (via Hamdard Chowk)
P: FRF-KLP (via Dawn Bread Factory)"
Center A,Lahore,LHR8994,31.456142,74.326006,LahoreA_LahoreC_1_6_P,P-PE Link,Lahore,LHR1183,31.4424,74.3233,M2B-LHR-FRF-HRT-01,50|100GE4/1/0,M2B-LHR-KLP-HRT-01,50|100GE9/1/0,800G,36,0,100G,Protection,"W: FRF-KLP (via Hamdard Chowk)
P: FRF-KLP (via Dawn Bread Factory)"
Center A,Lahore,LHR8994,31.456142,74.326006,LahoreA_LahoreC_1_7_W,P-PE Link,Lahore,LHR1183,31.4424,74.3233,M2B-LHR-FRF-HRT-01,50|100GE11/1/0,M2B-LHR-KLP-HRT-01,50|100GE8/1/0,800G,36,0,100G,Working,"W: FRF-KLP (via Hamdard Chowk)
P: FRF-KLP (via Dawn Bread Factory)"
Center A,Lahore,LHR8994,31.456142,74.326006,LahoreA_LahoreC_1_7_P,P-PE Link,Lahore,LHR1183,31.4424,74.3233,M2B-LHR-FRF-HRT-01,50|100GE11/1/0,M2B-LHR-KLP-HRT-01,50|100GE8/1/0,800G,36,0,100G,Protection,"W: FRF-KLP (via Hamdard Chowk)
P: FRF-KLP (via Dawn Bread Factory)"
Center A,Lahore,LHR8994,31.456142,74.326006,LahoreA_LahoreC_1_8_W,P-PE Link,Lahore,LHR1183,31.4424,74.3233,M2B-LHR-FRF-HRT-01,50|100GE11/1/2,M2B-LHR-KLP-HRT-01,50|100GE8/1/2,800G,36,0,100G,Working,"W: FRF-KLP (via Hamdard Chowk)
P: FRF-KLP (via Dawn Bread Factory)"
Center A,Lahore,LHR8994,31.456142,74.326006,LahoreA_LahoreC_1_8_P,P-PE Link,Lahore,LHR1183,31.4424,74.3233,M2B-LHR-FRF-HRT-01,50|100GE11/1/2,M2B-LHR-KLP-HRT-01,50|100GE8/1/2,800G,36,0,100G,Protection,"W: FRF-KLP (via Hamdard Chowk)
P: FRF-KLP (via Dawn Bread Factory)"
Center A,Lahore,LHR8994,31.456142,74.326006,LahoreA_Gujranwala_1_1_W,P-PE Link,Gujranwala,GUJ3302,32.2052,74.1749,M2B-LHR-FRF-HRT-01,100GE 5/1/0,M2B-GJW-MGW-HRT-01,50|100 GE3/0/0,130G,32,0,100G,Working,"W: FRF-Muridkey-Gujranwala
P: FRF-Sheikupura-Gujranwala"
Center A,Lahore,LHR8994,31.456142,74.326006,LahoreA_Gujranwala_1_1_P,P-PE Link,Gujranwala,GUJ3302,32.2052,74.1749,M2B-LHR-FRF-HRT-01,100GE 5/1/0,M2B-GJW-MGW-HRT-01,50|100 GE3/0/0,130G,32,0,100G,Protection,"W: FRF-Muridkey-Gujranwala
P: FRF-Sheikupura-Gujranwala"
Center A,Lahore,LHR8994,31.456142,74.326006,LahoreA_Sahiwal_1_1_W,P-PE Link,Sahiwal,SHW0326,30.66256,73.10093,M2B-LHR-FRF-HRT-01,GigabitEthernet14/1/2,M2B-SHL-MGW-HRT-01,100GE5/1/0,100G,34,0,10G,Working,FRF-Sheikhupura-Pindibhattain-Faisalabad-Jaranwala-Tandianwala-AdaMureed-Chichawatni-Vehari-Hasilpur-Bhawalnagar-Arifwala-Sahiwal
Center A,Lahore,LHR8994,31.456142,74.326006,LahoreA_Sialkot_1_1_W,P-PE Link,Sialkot,SKT0315,32.4834,74.516,M2B-LHR-FRF-HRT-01,50|100GE14/0/6,M2B-SLK-MGW-HRT-01,100GE3/1/0,100G,35,0,10G,Working,FRF-Muridkey-Gujranwala-Sialkot
Center A,Lahore,RUR3054,31.3968,74.2335,LahoreB_LahoreA_1_1_W,P-PE Link,Lahore,LHR8994,31.456142,74.326006,M2B-LHR-MCH-HRT-01,100GE8/1/1,M2B-LHR-FRF-HRT-03,50|100GE1/0/2,800G,31,0,100G,Working,"W: MC-(Burried cable LDI route)-FRF
P: MC-(CLT Thokar)-FRF"
Center A,Lahore,RUR3054,31.3968,74.2335,LahoreB_LahoreA_1_1_P,P-PE Link,Lahore,LHR8994,31.456142,74.326006,M2B-LHR-MCH-HRT-01,100GE8/1/1,M2B-LHR-FRF-HRT-03,50|100GE1/0/2,800G,31,0,100G,Protection,"W: MC-(Burried cable LDI route)-FRF
P: MC-(CLT Thokar)-FRF"
Center A,Lahore,RUR3054,31.3968,74.2335,LahoreB_LahoreA_1_2_W,P-PE Link,Lahore,LHR8994,31.456142,74.326006,M2B-LHR-MCH-HRT-01,100GE7/0/3,M2B-LHR-FRF-HRT-03,100GE 5/0/0,800G,31,0,100G,Working,"W: MC-(Burried cable LDI route)-FRF
P: MC-(CLT Thokar)-FRF"
Center A,Lahore,RUR3054,31.3968,74.2335,LahoreB_LahoreA_1_2_P,P-PE Link,Lahore,LHR8994,31.456142,74.326006,M2B-LHR-MCH-HRT-01,100GE7/0/3,M2B-LHR-FRF-HRT-03,100GE 5/0/0,800G,31,0,100G,Protection,"W: MC-(Burried cable LDI route)-FRF
P: MC-(CLT Thokar)-FRF"
Center A,Lahore,RUR3054,31.3968,74.2335,LahoreB_LahoreA_1_3_W,P-PE Link,Lahore,LHR8994,31.456142,74.326006,M2B-LHR-MCH-HRT-01,50|100GE11/1/0,M2B-LHR-FRF-HRT-03,50|100GE13/1/0,800G,31,0,100G,Working,"W: MC-(Burried cable LDI route)-FRF
P: MC-(CLT Thokar)-FRF"
Center A,Lahore,RUR3054,31.3968,74.2335,LahoreB_LahoreA_1_3_P,P-PE Link,Lahore,LHR8994,31.456142,74.326006,M2B-LHR-MCH-HRT-01,50|100GE11/1/0,M2B-LHR-FRF-HRT-03,50|100GE13/1/0,800G,31,0,100G,Protection,"W: MC-(Burried cable LDI route)-FRF
P: MC-(CLT Thokar)-FRF"
Center A,Lahore,RUR3054,31.3968,74.2335,LahoreB_LahoreA_1_4_W,P-PE Link,Lahore,LHR8994,31.456142,74.326006,M2B-LHR-MCH-HRT-01,50|100GE11/1/2,M2B-LHR-FRF-HRT-03,50|100GE13/1/2,800G,31,0,100G,Working,"W: MC-(Burried cable LDI route)-FRF
P: MC-(CLT Thokar)-FRF"
Center A,Lahore,RUR3054,31.3968,74.2335,LahoreB_LahoreA_1_4_P,P-PE Link,Lahore,LHR8994,31.456142,74.326006,M2B-LHR-MCH-HRT-01,50|100GE11/1/2,M2B-LHR-FRF-HRT-03,50|100GE13/1/2,800G,31,0,100G,Protection,"W: MC-(Burried cable LDI route)-FRF
P: MC-(CLT Thokar)-FRF"
Center A,Lahore,RUR3054,31.3968,74.2335,LahoreB_LahoreA_1_5_W,P-PE Link,Lahore,LHR8994,31.456142,74.326006,M2B-LHR-MCH-HRT-01,50|100GE5/1/0,M2B-LHR-FRF-HRT-03,100GE1/1/0,800G,31,0,100G,Working,"W: MC-(Burried cable LDI route)-FRF
P: MC-(CLT Thokar)-FRF"
Center A,Lahore,RUR3054,31.3968,74.2335,LahoreB_LahoreA_1_5_P,P-PE Link,Lahore,LHR8994,31.456142,74.326006,M2B-LHR-MCH-HRT-01,50|100GE5/1/0,M2B-LHR-FRF-HRT-03,100GE1/1/0,800G,31,0,100G,Protection,"W: MC-(Burried cable LDI route)-FRF
P: MC-(CLT Thokar)-FRF"
Center A,Lahore,RUR3054,31.3968,74.2335,LahoreB_LahoreA_1_6_W,P-PE Link,Lahore,LHR8994,31.456142,74.326006,M2B-LHR-MCH-HRT-01,50|100GE5/0/2,M2B-LHR-FRF-HRT-03,100GE1/1/2,800G,31,0,100G,Working,"W: MC-(Burried cable LDI route)-FRF
P: MC-(CLT Thokar)-FRF"
Center A,Lahore,RUR3054,31.3968,74.2335,LahoreB_LahoreA_1_6_P,P-PE Link,Lahore,LHR8994,31.456142,74.326006,M2B-LHR-MCH-HRT-01,50|100GE5/0/2,M2B-LHR-FRF-HRT-03,100GE1/1/2,800G,31,0,100G,Protection,"W: MC-(Burried cable LDI route)-FRF
P: MC-(CLT Thokar)-FRF"
Center A,Lahore,RUR3054,31.3968,74.2335,LahoreB_LahoreA_1_7_W,P-PE Link,Lahore,LHR8994,31.456142,74.326006,M2B-LHR-MCH-HRT-01,50|100GE9/0/2,M2B-LHR-FRF-HRT-03,50|100GE4/1/0,800G,31,0,100G,Working,"W: MC-(Burried cable LDI route)-FRF
P: MC-(CLT Thokar)-FRF"
Center A,Lahore,RUR3054,31.3968,74.2335,LahoreB_LahoreA_1_7_P,P-PE Link,Lahore,LHR8994,31.456142,74.326006,M2B-LHR-MCH-HRT-01,50|100GE9/0/2,M2B-LHR-FRF-HRT-03,50|100GE4/1/0,800G,31,0,100G,Protection,"W: MC-(Burried cable LDI route)-FRF
P: MC-(CLT Thokar)-FRF"
Center A,Lahore,RUR3054,31.3968,74.2335,LahoreB_LahoreA_1_8_W,P-PE Link,Lahore,LHR8994,31.456142,74.326006,M2B-LHR-MCH-HRT-01,50|100GE9/1/0,M2B-LHR-FRF-HRT-03,50|100GE5/1/0,800G,31,0,100G,Working,"W: MC-(Burried cable LDI route)-FRF
P: MC-(CLT Thokar)-FRF"
Center A,Lahore,RUR3054,31.3968,74.2335,LahoreB_LahoreA_1_8_P,P-PE Link,Lahore,LHR8994,31.456142,74.326006,M2B-LHR-MCH-HRT-01,50|100GE9/1/0,M2B-LHR-FRF-HRT-03,50|100GE5/1/0,800G,31,0,100G,Protection,"W: MC-(Burried cable LDI route)-FRF
P: MC-(CLT Thokar)-FRF"
Center A,Lahore,RUR3054,31.3968,74.2335,LahoreB_LahoreC_1_1_W,P-PE Link,Lahore,LHR1183,31.4424,74.3233,M2B-LHR-MCH-HRT-01,100GE7/0/2,M2B-LHR-KLP-HRT-02,100GE2/1/0,800G,36,0,100G,Working,"W: MCH-KLP (via Johar Town)
P: MCH-KLP (via Wateen ODF)"
Center A,Lahore,RUR3054,31.3968,74.2335,LahoreB_LahoreC_1_1_P,P-PE Link,Lahore,LHR1183,31.4424,74.3233,M2B-LHR-MCH-HRT-01,100GE7/0/2,M2B-LHR-KLP-HRT-02,100GE2/1/0,800G,36,0,100G,Protection,"W: MCH-KLP (via Johar Town)
P: MCH-KLP (via Wateen ODF)"
Center A,Lahore,RUR3054,31.3968,74.2335,LahoreB_LahoreC_1_2_W,P-PE Link,Lahore,LHR1183,31.4424,74.3233,M2B-LHR-MCH-HRT-01,100GE8/1/0,M2B-LHR-KLP-HRT-02,50|100GE3/0/0,800G,36,0,100G,Working,"W: MCH-KLP (via Johar Town)
P: MCH-KLP (via Wateen ODF)"
Center A,Lahore,RUR3054,31.3968,74.2335,LahoreB_LahoreC_1_2_P,P-PE Link,Lahore,LHR1183,31.4424,74.3233,M2B-LHR-MCH-HRT-01,100GE8/1/0,M2B-LHR-KLP-HRT-02,50|100GE3/0/0,800G,36,0,100G,Protection,"W: MCH-KLP (via Johar Town)
P: MCH-KLP (via Wateen ODF)"
Center A,Lahore,RUR3054,31.3968,74.2335,LahoreB_LahoreC_1_3_W,P-PE Link,Lahore,LHR1183,31.4424,74.3233,M2B-LHR-MCH-HRT-01,50|100GE11/0/0,M2B-LHR-KLP-HRT-02,50|100GE9/0/6,800G,36,0,100G,Working,"W: MCH-KLP (via Johar Town)
P: MCH-KLP (via Wateen ODF)"
Center A,Lahore,RUR3054,31.3968,74.2335,LahoreB_LahoreC_1_3_P,P-PE Link,Lahore,LHR1183,31.4424,74.3233,M2B-LHR-MCH-HRT-01,50|100GE11/0/0,M2B-LHR-KLP-HRT-02,50|100GE9/0/6,800G,36,0,100G,Protection,"W: MCH-KLP (via Johar Town)
P: MCH-KLP (via Wateen ODF)"
Center A,Lahore,RUR3054,31.3968,74.2335,LahoreB_LahoreC_1_4_W,P-PE Link,Lahore,LHR1183,31.4424,74.3233,M2B-LHR-MCH-HRT-01,50|100GE11/0/2,M2B-LHR-KLP-HRT-02,50|100GE9/1/0,800G,36,0,100G,Working,"W: MCH-KLP (via Johar Town)
P: MCH-KLP (via Wateen ODF)"
Center A,Lahore,RUR3054,31.3968,74.2335,LahoreB_LahoreC_1_4_P,P-PE Link,Lahore,LHR1183,31.4424,74.3233,M2B-LHR-MCH-HRT-01,50|100GE11/0/2,M2B-LHR-KLP-HRT-02,50|100GE9/1/0,800G,36,0,100G,Protection,"W: MCH-KLP (via Johar Town)
P: MCH-KLP (via Wateen ODF)"
Center A,Lahore,RUR3054,31.3968,74.2335,LahoreB_LahoreC_1_5_W,P-PE Link,Lahore,LHR1183,31.4424,74.3233,M2B-LHR-MCH-HRT-01,100GE8/0/0,M2B-LHR-KLP-HRT-02,50|100GE3/0/2,800G,36,0,100G,Working,"W: MCH-KLP (via Johar Town)
P: MCH-KLP (via Wateen ODF)"
Center A,Lahore,RUR3054,31.3968,74.2335,LahoreB_LahoreC_1_5_P,P-PE Link,Lahore,LHR1183,31.4424,74.3233,M2B-LHR-MCH-HRT-01,100GE8/0/0,M2B-LHR-KLP-HRT-02,50|100GE3/0/2,800G,36,0,100G,Protection,"W: MCH-KLP (via Johar Town)
P: MCH-KLP (via Wateen ODF)"
Center A,Lahore,RUR3054,31.3968,74.2335,LahoreB_LahoreC_1_6_W,P-PE Link,Lahore,LHR1183,31.4424,74.3233,M2B-LHR-MCH-HRT-01,100GE8/0/1,M2B-LHR-KLP-HRT-02,50|100GE3/1/0,800G,36,0,100G,Working,"W: MCH-KLP (via Johar Town)
P: MCH-KLP (via Wateen ODF)"
Center A,Lahore,RUR3054,31.3968,74.2335,LahoreB_LahoreC_1_6_P,P-PE Link,Lahore,LHR1183,31.4424,74.3233,M2B-LHR-MCH-HRT-01,100GE8/0/1,M2B-LHR-KLP-HRT-02,50|100GE3/1/0,800G,36,0,100G,Protection,"W: MCH-KLP (via Johar Town)
P: MCH-KLP (via Wateen ODF)"
Center A,Lahore,RUR3054,31.3968,74.2335,LahoreB_LahoreC_1_7_W,P-PE Link,Lahore,LHR1183,31.4424,74.3233,M2B-LHR-MCH-HRT-01,50|100GE9/1/2,M2B-LHR-KLP-HRT-02,50|100GE8/1/0,800G,36,0,100G,Working,"W: MCH-KLP (via Johar Town)
P: MCH-KLP (via Wateen ODF)"
Center A,Lahore,RUR3054,31.3968,74.2335,LahoreB_LahoreC_1_7_P,P-PE Link,Lahore,LHR1183,31.4424,74.3233,M2B-LHR-MCH-HRT-01,50|100GE9/1/2,M2B-LHR-KLP-HRT-02,50|100GE8/1/0,800G,36,0,100G,Protection,"W: MCH-KLP (via Johar Town)
P: MCH-KLP (via Wateen ODF)"
Center A,Lahore,RUR3054,31.3968,74.2335,LahoreB_LahoreC_1_8_W,P-PE Link,Lahore,LHR1183,31.4424,74.3233,M2B-LHR-MCH-HRT-01,50|100GE10/0/0,M2B-LHR-KLP-HRT-02,50|100GE8/1/2,800G,36,0,100G,Working,"W: MCH-KLP (via Johar Town)
P: MCH-KLP (via Wateen ODF)"
Center A,Lahore,RUR3054,31.3968,74.2335,LahoreB_LahoreC_1_8_P,P-PE Link,Lahore,LHR1183,31.4424,74.3233,M2B-LHR-MCH-HRT-01,50|100GE10/0/0,M2B-LHR-KLP-HRT-02,50|100GE8/1/2,800G,36,0,100G,Protection,"W: MCH-KLP (via Johar Town)
P: MCH-KLP (via Wateen ODF)"
Center A,Lahore,RUR3054,31.3968,74.2335,LahoreB_Gujranwala_1_1_W,P-PE Link,Gujranwala,GUJ3302,32.2052,74.1749,M2B-LHR-MCH-HRT-01,GigabitEthernet 3/0/0,M2B-GJW-MGW-HRT-02,GigabitEthernet 4/0/2,140 G,32,0,10G,Working,MC-Pattoki-Okara-Sahiwal-Bhawalnagar-Hasilpur-Vehari-Chichawatni-Khanewal-TobaTekSingh-Faisalabad-Pindibhattain-Salem-Balksar-VSAT-Islamabad-GujarKhan-Jehlum-Gujrat-Sialkot-Gujranwala
Center A,Lahore,RUR3054,31.3968,74.2335,LahoreB_Gujranwala_1_2_W,P-PE Link,Gujranwala,GUJ3302,32.2052,74.1749,M2B-LHR-MCH-HRT-01,GigabitEthernet 3/0/1,M2B-GJW-MGW-HRT-02,GigabitEthernet 4/0/3,140 G,32,0,10G,Working,MC-Pattoki-Okara-Sahiwal-Bhawalnagar-Hasilpur-Vehari-Chichawatni-Khanewal-TobaTekSingh-Faisalabad-Pindibhattain-Salem-Balksar-VSAT-Islamabad-GujarKhan-Jehlum-Gujrat-Sialkot-Gujranwala
Center A,Lahore,RUR3054,31.3968,74.2335,LahoreB_Gujranwala_1_3_W,P-PE Link,Gujranwala,GUJ3302,32.2052,74.1749,M2B-LHR-MCH-HRT-01,Gig 3/0/6,M2B-GJW-MGW-HRT-02,GigabitEthernet1/0/11,140 G,32,0,10G,Working,MC-Pattoki-Okara-Sahiwal-Bhawalnagar-Hasilpur-Vehari-Chichawatni-Khanewal-TobaTekSingh-Faisalabad-Pindibhattain-Salem-Balksar-VSAT-Islamabad-GujarKhan-Jehlum-Gujrat-Sialkot-Gujranwala
Center A,Lahore,RUR3054,31.3968,74.2335,LahoreB_Gujranwala_1_4_W,P-PE Link,Gujranwala,GUJ3302,32.2052,74.1749,M2B-LHR-MCH-HRT-01,Gig3/0/9,M2B-GJW-MGW-HRT-02,GigabitEthernet1/0/14,140 G,32,0,10G,Working,MC-Pattoki-Okara-Sahiwal-Bhawalnagar-Hasilpur-Vehari-Chichawatni-Khanewal-TobaTekSingh-Faisalabad-Pindibhattain-Salem-Balksar-VSAT-Islamabad-GujarKhan-Jehlum-Gujrat-Sialkot-Gujranwala
Center A,Lahore,RUR3054,31.3968,74.2335,LahoreB_Gujranwala_2_1_W,P-PE Link,Gujranwala,GUJ3302,32.2052,74.1749,M2B-LHR-MCH-HRT-01,50|100GE5/0/0,M2B-GJW-MGW-HRT-02,100GE3/0/0,140 G,32,0,100G,Working,"W: MC-FRF-Muridkey-Gujranwala
P: MC-Pattoki-Okara-Sahiwal-Bhawalnagar-Hasilpur-Vehari-Chichawatni-Khanewal-TobaTekSingh-Faisalabad-Pindibhattain-Sheikupura-Gujranwala"
Center A,Lahore,RUR3054,31.3968,74.2335,LahoreB_Gujranwala_2_1_P,P-PE Link,Gujranwala,GUJ3302,32.2052,74.1749,M2B-LHR-MCH-HRT-01,50|100GE5/0/0,M2B-GJW-MGW-HRT-02,100GE3/0/0,140 G,32,0,100G,Protection,"W: MC-FRF-Muridkey-Gujranwala
P: MC-Pattoki-Okara-Sahiwal-Bhawalnagar-Hasilpur-Vehari-Chichawatni-Khanewal-TobaTekSingh-Faisalabad-Pindibhattain-Sheikupura-Gujranwala"
Center A,Lahore,RUR3054,31.3968,74.2335,LahoreB_Sahiwal_1_1_W,P-PE Link,Sahiwal,SHW0326,30.66256,73.10093,M2B-LHR-MCH-HRT-01,50|100GE10/1/2,M2B-SHL-MGW-HRT-02,100GE5/1/0,100G,34,0,10G,Working,MC-Pattoki-Okara-Sahiwal
Center A,Lahore,RUR3054,31.3968,74.2335,LahoreB_Sialkot_1_1_W,P-PE Link,Sialkot,SKT0315,32.4834,74.516,M2B-LHR-MCH-HRT-01,50|100GE10/1/0,M2B-SLK-MGW-HRT-02,100GE3/1/0,100G,35,0,10G,Working,MC-Pattoki-Okara-Sahiwal-Arifwala-Bhawalnagar-Hasilpur-Vehari-Chichawatni-AdaMureed-Tandianwala-Jaranwala-Faisalabad-PindiBhattian-Salem-MandiBahauddin-Phalia-Pharianwali-Gujrat-Wazirabad-Sialkot
North,Islamabad,ISB0362,33.65353,73.04432,IslamabadA_Peshawar_2_1_W,P-PE Link,Peshawar,PSH0319,33.97515,71.56509,M2B-ISB-MSC5-HRT-01,GigabitEthernet4/0/5,M2B-PSH-MGW-HRT-02,GigabitEthernet4/0/1,140G,34,0,10G,Working,Islamabad-Taxilla-Kamra-Nowshera-Mardan-Charsada-Peshawar 
North,Islamabad,ISB0362,33.65353,73.04432,IslamabadA_Peshawar_2_2_W,P-PE Link,Peshawar,PSH0319,33.97515,71.56509,M2B-ISB-MSC5-HRT-01,GigabitEthernet4/0/11,M2B-PSH-MGW-HRT-02,GigabitEthernet4/0/11,140G,34,0,10G,Working,Islamabad-Taxilla-Kamra-Nowshera-Mardan-Charsada-Peshawar
North,Islamabad,ISB0362,33.65353,73.04432,IslamabadA_Peshawar_2_3_W,P-PE Link,Peshawar,PSH0319,33.97515,71.56509,M2B-ISB-MSC5-HRT-01,GigabitEthernet4/0/9,M2B-PSH-MGW-HRT-02,Gig5/0/6,140G,34,0,10G,Working,Islamabad-Taxilla-Kamra-Nowshera-Mardan-Charsada-Peshawar
North,Islamabad,ISB0362,33.65353,73.04432,IslamabadA_Peshawar_2_4_W,P-PE Link,Peshawar,PSH0319,33.97515,71.56509,M2B-ISB-MSC5-HRT-01,Gig5/0/0,M2B-PSH-MGW-HRT-02,Gig6/0/1,140G,34,0,10G,Working,Islamabad-Taxilla-Kamra-Nowshera-Mardan-Charsada-Peshawar
North,Islamabad,ISB0362,33.65353,73.04432,IslamabadA_Peshawar_2_5_W,P-PE Link,Peshawar,PSH0319,33.97515,71.56509,M2B-ISB-MSC5-HRT-01,100GE1/0/1,M2B-PSH-MGW-HRT-02,50|100GE7/0/2 ,140G,34,0,100G,Working,"W: Islamabad-Taxila-Kamra-Nowshera-Mardan-Charsadda-Peshawar
P: Islamabad-Fatehjang-Mathial-Kohat-Peshawar"
North,Islamabad,ISB0362,33.65353,73.04432,IslamabadA_Peshawar_2_5_P,P-PE Link,Peshawar,PSH0319,33.97515,71.56509,M2B-ISB-MSC5-HRT-01,100GE1/0/1,M2B-PSH-MGW-HRT-02,50|100GE7/0/2 ,140G,34,0,100G,Protection,"W: Islamabad-Taxila-Kamra-Nowshera-Mardan-Charsadda-Peshawar
P: Islamabad-Fatehjang-Mathial-Kohat-Peshawar"
North,Islamabad,ISB0362,33.65353,73.04432,IslamabadA_VSAT_1_1_W,P-PE Link,VSAT,HWY7863,33.59014,72.87115,M2B-ISB-MSC5-HRT-01,GigabitEthernet4/0/4 ,M2B-ISB-VSAT-HRT-01,GigabitEthernet2/0/1,10 G,31,0,10G,Working,Islamabad-VSAT
North,Islamabad,ISB0362,33.65353,73.04432,IslamabadA_Mardan_1_1_W,P-PE Link,Mardan,MGW0001,34.183,72.0422,M2B-ISB-MSC5-HRT-01,GigabitEthernet3/0/0,M2B-MRD-MGW-HRT-01,GigabitEthernet2/0/1,3 G,32,0,1.25G,Working,Islamabad-Taxilla-Kamra-Nowshera-Mardan
North,Islamabad,ISB0362,33.65353,73.04432,IslamabadA_Mardan_1_2_W,P-PE Link,Mardan,MGW0001,34.183,72.0422,M2B-ISB-MSC5-HRT-01,GigabitEthernet3/0/1,M2B-MRD-MGW-HRT-01,GigabitEthernet2/0/2,3 G,32,0,1.25G,Working,Islamabad-Taxilla-Kamra-Nowshera-Mardan
North,Islamabad,ISB0362,33.65353,73.04432,IslamabadA_Mardan_1_3_W,P-PE Link,Mardan,MGW0001,34.183,72.0422,M2B-ISB-MSC5-HRT-01,GigabitEthernet3/0/2,M2B-MRD-MGW-HRT-01,GigabitEthernet2/0/3,3 G,32,0,1.25G,Working,Islamabad-Taxilla-Kamra-Nowshera-Mardan
North,Islamabad,ISB0362,33.65353,73.04432,IslamabadA_IslamabadB_1_1_W,P-PE Link,Islamabad,ISB02,33.65345,73.05186,M2B-ISB-MSC5-HRT-02,50|100GE12/0/0,M2B-WA-ISB-I9-HRT-01,100GE2/0/3,500G,6,0,100G,Working,W: I10-I9 (via Direct Link) P: I10-I9 (via TP MSC)
North,Islamabad,ISB0362,33.65353,73.04432,IslamabadA_IslamabadB_1_1_P,P-PE Link,Islamabad,ISB02,33.65345,73.05186,M2B-ISB-MSC5-HRT-02,50|100GE12/0/0,M2B-WA-ISB-I9-HRT-01,100GE2/0/3,500G,6,0,100G,Protection,W: I10-I9 (via Direct Link) P: I10-I9 (via TP MSC)
North,Islamabad,ISB0362,33.65353,73.04432,IslamabadA_IslamabadB_1_2_W,P-PE Link,Islamabad,ISB02,33.65345,73.05186,M2B-ISB-MSC5-HRT-02,50|100GE15/0/0,M2B-WA-ISB-I9-HRT-01,100GE4/0/0,500G,6,,100G,Working,W: I10-I9 (via Direct Link) P: I10-I9 (via TP MSC)
North,Islamabad,ISB0362,33.65353,73.04432,IslamabadA_IslamabadB_1_2_P,P-PE Link,Islamabad,ISB02,33.65345,73.05186,M2B-ISB-MSC5-HRT-02,50|100GE15/0/0,M2B-WA-ISB-I9-HRT-01,100GE4/0/0,500G,6,,100G,Protection,W: I10-I9 (via Direct Link) P: I10-I9 (via TP MSC)
North,Islamabad,ISB0362,33.65353,73.04432,IslamabadA_IslamabadB_1_3_W,P-PE Link,Islamabad,ISB02,33.65345,73.05186,M2B-ISB-MSC5-HRT-02,50|100GE15/1/0,M2B-WA-ISB-I9-HRT-01,100GE4/1/0,500G,6,,100G,Working,W: I10-I9 (via Direct Link) P: I10-I9 (via TP MSC)
North,Islamabad,ISB0362,33.65353,73.04432,IslamabadA_IslamabadB_1_3_P,P-PE Link,Islamabad,ISB02,33.65345,73.05186,M2B-ISB-MSC5-HRT-02,50|100GE15/1/0,M2B-WA-ISB-I9-HRT-01,100GE4/1/0,500G,6,,100G,Protection,W: I10-I9 (via Direct Link) P: I10-I9 (via TP MSC)
North,Islamabad,ISB0362,33.65353,73.04432,IslamabadA_IslamabadB_1_4_W,P-PE Link,Islamabad,ISB02,33.65345,73.05186,M2B-ISB-MSC5-HRT-02,50|100GE6/1/0,M2B-WA-ISB-I9-HRT-01,50|100GE6/1/0,500G,6,,100G,Working,W: I10-I9 (via Direct Link) P: I10-I9 (via TP MSC)
North,Islamabad,ISB0362,33.65353,73.04432,IslamabadA_IslamabadB_1_4_P,P-PE Link,Islamabad,ISB02,33.65345,73.05186,M2B-ISB-MSC5-HRT-02,50|100GE6/1/0,M2B-WA-ISB-I9-HRT-01,50|100GE6/1/0,500G,6,,100G,Protection,W: I10-I9 (via Direct Link) P: I10-I9 (via TP MSC)
North,Islamabad,ISB0362,33.65353,73.04432,IslamabadA_IslamabadB_1_5_W,P-PE Link,Islamabad,ISB02,33.65345,73.05186,M2B-ISB-MSC5-HRT-02,50|100GE6/1/2,M2B-WA-ISB-I9-HRT-01,50|100GE8/0/2,500G,6,,100G,Working,W: I10-I9 (via Direct Link) P: I10-I9 (via TP MSC)
North,Islamabad,ISB0362,33.65353,73.04432,IslamabadA_IslamabadB_1_5_P,P-PE Link,Islamabad,ISB02,33.65345,73.05186,M2B-ISB-MSC5-HRT-02,50|100GE6/1/2,M2B-WA-ISB-I9-HRT-01,50|100GE8/0/2,500G,6,,100G,Protection,W: I10-I9 (via Direct Link) P: I10-I9 (via TP MSC)
North,Islamabad,ISB0362,33.65353,73.04432,IslamabadA_IslamabadB_2_1_W,P-PE Link,Islamabad,ISB02,33.65345,73.05186,M2B-ISB-MSC5-HRT-03,50|100GE12/0/0,M2B-WA-ISB-I9-HRT-02,100GE2/0/3,500G,6,0,100G,Working,W: I10-I9 (via Wateen Direct Link) P: I10-I9 (via Long Path via MSC)
North,Islamabad,ISB0362,33.65353,73.04432,IslamabadA_IslamabadB_2_1_P,P-PE Link,Islamabad,ISB02,33.65345,73.05186,M2B-ISB-MSC5-HRT-03,50|100GE12/0/0,M2B-WA-ISB-I9-HRT-02,100GE2/0/3,500G,6,0,100G,Protection,W: I10-I9 (via Wateen Direct Link) P: I10-I9 (via Long Path via MSC)
North,Islamabad,ISB0362,33.65353,73.04432,IslamabadA_IslamabadB_2_2_W,P-PE Link,Islamabad,ISB02,33.65345,73.05186,M2B-ISB-MSC5-HRT-03,50|100GE15/0/0,M2B-WA-ISB-I9-HRT-02,100GE4/0/0,500G,6,,100G,Working,W: I10-I9 (via Wateen Direct Link) P: I10-I9 (via Long Path via MSC)
North,Islamabad,ISB0362,33.65353,73.04432,IslamabadA_IslamabadB_2_2_P,P-PE Link,Islamabad,ISB02,33.65345,73.05186,M2B-ISB-MSC5-HRT-03,50|100GE15/0/0,M2B-WA-ISB-I9-HRT-02,100GE4/0/0,500G,6,,100G,Protection,W: I10-I9 (via Wateen Direct Link) P: I10-I9 (via Long Path via MSC)
North,Islamabad,ISB0362,33.65353,73.04432,IslamabadA_IslamabadB_2_3_W,P-PE Link,Islamabad,ISB02,33.65345,73.05186,M2B-ISB-MSC5-HRT-03,50|100GE15/1/0,M2B-WA-ISB-I9-HRT-02,100GE4/1/0,500G,6,,100G,Working,W: I10-I9 (via Wateen Direct Link) P: I10-I9 (via Long Path via MSC)
North,Islamabad,ISB0362,33.65353,73.04432,IslamabadA_IslamabadB_2_3_P,P-PE Link,Islamabad,ISB02,33.65345,73.05186,M2B-ISB-MSC5-HRT-03,50|100GE15/1/0,M2B-WA-ISB-I9-HRT-02,100GE4/1/0,500G,6,,100G,Protection,W: I10-I9 (via Wateen Direct Link) P: I10-I9 (via Long Path via MSC)
North,Islamabad,ISB0362,33.65353,73.04432,IslamabadA_IslamabadB_2_4_W,P-PE Link,Islamabad,ISB02,33.65345,73.05186,M2B-ISB-MSC5-HRT-03,100GE6/0/2,M2B-WA-ISB-I9-HRT-02,50|100GE6/1/0,500G,6,,100G,Working,W: I10-I9 (via Wateen Direct Link) P: I10-I9 (via Long Path via MSC)
North,Islamabad,ISB0362,33.65353,73.04432,IslamabadA_IslamabadB_2_4_P,P-PE Link,Islamabad,ISB02,33.65345,73.05186,M2B-ISB-MSC5-HRT-03,100GE6/0/2,M2B-WA-ISB-I9-HRT-02,50|100GE6/1/0,500G,6,,100G,Protection,W: I10-I9 (via Wateen Direct Link) P: I10-I9 (via Long Path via MSC)
North,Islamabad,ISB0362,33.65353,73.04432,IslamabadA_IslamabadB_2_5_W,P-PE Link,Islamabad,ISB02,33.65345,73.05186,M2B-ISB-MSC5-HRT-03,100GE6/0/3,M2B-WA-ISB-I9-HRT-02,50|100GE6/1/2,500G,6,,100G,Working,W: I10-I9 (via Wateen Direct Link) P: I10-I9 (via Long Path via MSC)
North,Islamabad,ISB0362,33.65353,73.04432,IslamabadA_IslamabadB_2_5_P,P-PE Link,Islamabad,ISB02,33.65345,73.05186,M2B-ISB-MSC5-HRT-03,100GE6/0/3,M2B-WA-ISB-I9-HRT-02,50|100GE6/1/2,500G,6,,100G,Protection,W: I10-I9 (via Wateen Direct Link) P: I10-I9 (via Long Path via MSC)
North,Peshawar,PSH0319,33.97515,71.56509,Peshawar_IslamabadA_3_1_W,P-PE Link,Islamabad,ISB0362,33.65353,73.04432,M2B-PSH-MGW-HRT-01,GigabitEthernet4/0/0,"M2B-ISB-MSC5-HRT-03
LM",GigabitEthernet5/0/9,170G,30,0,10G,Working,Islamabad-VSAT-Balkasar-Salem-PindiBhattain-Faisalabad-Jhang-HyderbadThal-Bhakkar-DIKhan-GandiChowk-Kohat-Peshawar
North,Peshawar,PSH0319,33.97515,71.56509,Peshawar_IslamabadA_3_2_W,P-PE Link,Islamabad,ISB0362,33.65353,73.04432,M2B-PSH-MGW-HRT-01,GigabitEthernet6/0/0,"M2B-ISB-MSC5-HRT-03
LM",GigabitEthernet16/0/15,170G,30,0,10G,Working,Islamabad-VSAT-Balkasar-Salem-PindiBhattain-Faisalabad-Jhang-HyderbadThal-Bhakkar-DIKhan-GandiChowk-Kohat-Peshawar
North,Peshawar,PSH0319,33.97515,71.56509,Peshawar_IslamabadA_3_3_W,P-PE Link,Islamabad,ISB0362,33.65353,73.04432,M2B-PSH-MGW-HRT-01,GigabitEthernet6/0/2,"M2B-ISB-MSC5-HRT-03
LM",GigabitEthernet16/0/6,170G,30,0,10G,Working,Islamabad-VSAT-Balkasar-Salem-PindiBhattain-Faisalabad-Jhang-HyderbadThal-Bhakkar-DIKhan-GandiChowk-Kohat-Peshawar
North,Peshawar,PSH0319,33.97515,71.56509,Peshawar_IslamabadA_4_1_W,P-PE Link,Islamabad,ISB0362,33.65353,73.04432,M2B-PSH-MGW-HRT-01,GigabitEthernet5/0/8,"M2B-ISB-MSC5-HRT-03
LM",GigabitEthernet11/0/9,170G,30,0,10G,Working,Islamabad-Taxilla-Kamra-Nowshera-Mardan-Charsada-Peshawar 
North,Peshawar,PSH0319,33.97515,71.56509,Peshawar_IslamabadA_4_2_W,P-PE Link,Islamabad,ISB0362,33.65353,73.04432,M2B-PSH-MGW-HRT-01,GigabitEthernet5/0/9,"M2B-ISB-MSC5-HRT-03
LM",GigabitEthernet11/0/8,170G,30,0,10G,Working,Islamabad-Taxilla-Kamra-Nowshera-Mardan-Charsada-Peshawar
North,Peshawar,PSH0319,33.97515,71.56509,Peshawar_IslamabadA_3_4_W,P-PE Link,Islamabad,ISB0362,33.65353,73.04432,M2B-PSH-MGW-HRT-01,GigabitEthernet5/0/10,"M2B-ISB-MSC5-HRT-03
LM",GigabitEthernet11/0/7,170G,30,0,10G,Working,Islamabad-VSAT-Balkasar-Salem-PindiBhattain-Faisalabad-Jhang-HyderbadThal-Bhakkar-DIKhan-GandiChowk-Kohat-Peshawar
North,Peshawar,PSH0319,33.97515,71.56509,Peshawar_IslamabadA_3_5_W,P-PE Link,Islamabad,ISB0362,33.65353,73.04432,M2B-PSH-MGW-HRT-01, Gig5/0/1,"M2B-ISB-MSC5-HRT-03
LM",GigabitEthernet16/1/0,170G,30,0,10G,Working,Islamabad-VSAT-Balkasar-Salem-PindiBhattain-Faisalabad-Jhang-HyderbadThal-Bhakkar-DIKhan-GandiChowk-Kohat-Peshawar
North,Peshawar,PSH0319,33.97515,71.56509,Peshawar_IslamabadA_4_3_W,P-PE Link,Islamabad,ISB0362,33.65353,73.04432,M2B-PSH-MGW-HRT-01,100GE7/0/0,"M2B-ISB-MSC5-HRT-03
LM",50|100GE12/0/2,170G,30,0,100G,Working,"W: Islamabad-Taxila-Kamra-Nowshera-Mardan-Charsadda-Peshawar
P: Islamabad-FatehJang-Mithial-Kohat-Peshawar"
North,Peshawar,PSH0319,33.97515,71.56509,Peshawar_IslamabadA_4_3_P,P-PE Link,Islamabad,ISB0362,33.65353,73.04432,M2B-PSH-MGW-HRT-01,100GE7/0/0,"M2B-ISB-MSC5-HRT-03
LM",50|100GE12/0/2,170G,30,0,100G,Protection,"W: Islamabad-Taxila-Kamra-Nowshera-Mardan-Charsadda-Peshawar
P: Islamabad-FatehJang-Mithial-Kohat-Peshawar"
North,Peshawar,PSH0319,33.97515,71.56509,Peshawar_VSAT_1_1_W,P-PE Link,VSAT,HWY7863,33.59014,72.87115,M2B-PSH-MGW-HRT-01,GigabitEthernet3/0/6,M2B-ISB-VSAT-HRT-02,GigabitEthernet1/0/0 ,1G,32,0,1G,Working,"W: VSAT-Totibun-Balkasar-Salem-Gujrat-Wazirabad-Shadiwal-Jehlum-GujarKhan-Islamabad-Taxila-Kamra-Nowshera-Mardan-Charsada-Pehsawar
P: VSAT-Golra Chowk-Islamabad-VSAT-Balkasar-Salem-PindiBhattain-Sargodha-Faisalabad-Jhang-HyderbadThal-Bhakkar-DIKhan-GandiChowk-Kohat-Peshawar"
North,Peshawar,PSH0319,33.97515,71.56509,Peshawar_VSAT_1_1_P,P-PE Link,VSAT,HWY7863,33.59014,72.87115,M2B-PSH-MGW-HRT-01,GigabitEthernet3/0/6,M2B-ISB-VSAT-HRT-02,GigabitEthernet1/0/0 ,1G,32,0,1G,Protection,"W: VSAT-Totibun-Balkasar-Salem-Gujrat-Wazirabad-Shadiwal-Jehlum-GujarKhan-Islamabad-Taxila-Kamra-Nowshera-Mardan-Charsada-Pehsawar
P: VSAT-Golra Chowk-Islamabad-VSAT-Balkasar-Salem-PindiBhattain-Sargodha-Faisalabad-Jhang-HyderbadThal-Bhakkar-DIKhan-GandiChowk-Kohat-Peshawar"
North,Peshawar,PSH0319,33.97515,71.56509,Peshawar_Mardan_1_1_W,P-PE Link,Mardan,MGW0001,34.183,72.0422,M2B-PSH-MGW-HRT-01,GigabitEthernet3/0/0,M2B-MRD-MGW-HRT-02,GigabitEthernet2/0/1,3 G,33,0,1.25G,Working,Peshawar-Charsada-Mardan
North,Peshawar,PSH0319,33.97515,71.56509,Peshawar_Mardan_2_1_W,P-PE Link,Mardan,MGW0001,34.183,72.0422,M2B-PSH-MGW-HRT-01,GigabitEthernet3/0/1,M2B-MRD-MGW-HRT-02,GigabitEthernet2/0/2,3 G,33,0,1.25G,Working,Peshawar-Charsada-Mardan
North,Peshawar,PSH0319,33.97515,71.56509,Peshawar_Mardan_3_1_W,P-PE Link,Mardan,MGW0001,34.183,72.0422,M2B-PSH-MGW-HRT-01,GigabitEthernet3/0/2,M2B-MRD-MGW-HRT-02,GigabitEthernet2/0/3,3 G,33,0,1.25G,Working,Peshawar-Charsada-Mardan
Center B,Faisalabad,FSD3561,31.43824,73.13995,Faisalabad_Multan_2_6_W,P-PE Link,Multan,MSC0001,30.1907,71.4506,M2B-FSD-ZT2-HRT-01,GigabitEthernet15/1/5,M2B-MLT-REX-HRT-02,GigabitEthernet5/0/3,270G,31,0,10G,Working,Faisalabad-TobaTek Singh-Shorkot-Khanewal-WARID MSC-Multan
Center B,Faisalabad,FSD3561,31.43824,73.13995,Faisalabad_Multan_2_1_W,P-PE Link,Multan,MSC0001,30.1907,71.4506,M2B-FSD-ZT2-HRT-01,GigabitEthernet15/1/6,M2B-MLT-REX-HRT-02,GigabitEthernet5/0/2,270G,31,0,10G,Working,Faisalabad-TobaTek Singh-Shorkot-Khanewal-WARID MSC-Multan
Center B,Faisalabad,FSD3561,31.43824,73.13995,Faisalabad_Multan_2_2_W,P-PE Link,Multan,MSC0001,30.1907,71.4506,M2B-FSD-ZT2-HRT-01,GigabitEthernet15/1/10,M2B-MLT-REX-HRT-02,GigabitEthernet5/0/4,270G,31,0,10G,Working,Faisalabad-TobaTek Singh-Shorkot-Khanewal-WARID MSC-Multan
Center B,Faisalabad,FSD3561,31.43824,73.13995,Faisalabad_Multan_2_3_W,P-PE Link,Multan,MSC0001,30.1907,71.4506,M2B-FSD-ZT2-HRT-01,Gig9/0/3,M2B-MLT-REX-HRT-02,Gig9/0/3,270G,31,0,10G,Working,Faisalabad-TobaTek Singh-Shorkot-Khanewal-WARID MSC-Multan
Center B,Faisalabad,FSD3561,31.43824,73.13995,Faisalabad_Multan_2_4_W,P-PE Link,Multan,MSC0001,30.1907,71.4506,M2B-FSD-ZT2-HRT-01,Gig15/0/4,M2B-MLT-REX-HRT-02,Gig10/1/2,270G,31,0,10G,Working,Faisalabad-TobaTek Singh-Shorkot-Khanewal-WARID MSC-Multan
Center B,Faisalabad,FSD3561,31.43824,73.13995,Faisalabad_Multan_3_1_W,P-PE Link,Multan,MSC0001,30.1907,71.4506,M2B-FSD-ZT2-HRT-01,Gig 15/0/0,M2B-MLT-REX-HRT-02,Gig5/0/7,270G,31,0,10G,Working,"P: Multan-Muzafargarh-KotAdduLayyah-Bhakkar-Hyderbaad Thall- Jhang- Faisalabad
W: Multan-Warid MSC-Khanewal-TobaTekSingh-Faisalabad"
Center B,Faisalabad,FSD3561,31.43824,73.13995,Faisalabad_Multan_3_1_P,P-PE Link,Multan,MSC0001,30.1907,71.4506,M2B-FSD-ZT2-HRT-01,Gig 15/0/0,M2B-MLT-REX-HRT-02,Gig5/0/7,270G,31,0,10G,Protection,"P: Multan-Muzafargarh-KotAdduLayyah-Bhakkar-Hyderbaad Thall- Jhang- Faisalabad
W: Multan-Warid MSC-Khanewal-TobaTekSingh-Faisalabad"
Center B,Faisalabad,FSD3561,31.43824,73.13995,Faisalabad_Multan_4_1_W,P-PE Link,Multan,MSC0001,30.1907,71.4506,M2B-FSD-ZT2-HRT-01,Gig 15/0/1,M2B-MLT-REX-HRT-02,Gig5/0/8,270G,31,0,10G,Working,Multan-Lodharan-Bhawalpur-Hasilpur-Bhawalnagar-Sahiwal-Okara-Pattoki-MC-FRF-Sheikhupura-Pindbhattain-Faisalabad
Center B,Faisalabad,FSD3561,31.43824,73.13995,Faisalabad_Multan_3_2_W,P-PE Link,Multan,MSC0001,30.1907,71.4506,M2B-FSD-ZT2-HRT-01,100GE11/0/1,M2B-MLT-REX-HRT-02,100GE14/0/0,270G,31,0,100G,Working,"W: Multan-Warid MSC-Khanewal-TobaTekSingh-Faisalabad
P: Multan-Muzafargarh-KotAdduLayyah-Bhakkar-Hyderbaad Thall- Jhang- Faisalabad"
Center B,Faisalabad,FSD3561,31.43824,73.13995,Faisalabad_Multan_3_2_P,P-PE Link,Multan,MSC0001,30.1907,71.4506,M2B-FSD-ZT2-HRT-01,100GE11/0/1,M2B-MLT-REX-HRT-02,100GE14/0/0,270G,31,0,100G,Protection,"W: Multan-Warid MSC-Khanewal-TobaTekSingh-Faisalabad
P: Multan-Muzafargarh-KotAdduLayyah-Bhakkar-Hyderbaad Thall- Jhang- Faisalabad"
Center B,Faisalabad,FSD3561,31.43824,73.13995,Faisalabad_Multan_2_5_W,P-PE Link,Multan,MSC0001,30.1907,71.4506,M2B-FSD-ZT2-HRT-01,50|100GE7/0/0,M2B-MLT-REX-HRT-02,50|100GE6/1/0,270G,31,0,100G,Working,W: Multan-Warid MSC-Khanewal-TobaTekSingh-Faisalabad
Center B,Faisalabad,FSD3561,31.43824,73.13995,Faisalabad_Sargodha_1_1_W,P-PE Link,Sargodha,SGD3825,32.1419,72.6444,M2B-FSD-ZT2-HRT-01,100GE11/0/0,M2B-SGD-MGW-HRT-01,100GE2/1/0,100G,32,0,100G,Working,Faisalabad-PindiBhatian-Sargodha
Center B,Faisalabad,FSD3561,31.43824,73.13995,Faisalabad_RahimYarKhan_1_1_W,P-PE Link,RahimYarKhan,RYK0391,28.42992,70.33626,M2B-FSD-ZT2-HRT-01,GigabitEthernet8/0/4,M2B-RYK-MGW-HRT-01,GigabitEthernet2/0/0,50G,34,0,10G,Working,Faisalabad-TobaTek Singh-Khanewal-Multan-Lodhran-Bahawalpur-Ahmedpur-Khanpur-RahimYar Khan
Center B,Faisalabad,FSD3561,31.43824,73.13995,Faisalabad_RahimYarKhan_1_2_W,P-PE Link,RahimYarKhan,RYK0391,28.42992,70.33626,M2B-FSD-ZT2-HRT-01,GigabitEthernet8/0/5,M2B-RYK-MGW-HRT-01,GigabitEthernet2/0/1,50G,34,0,10G,Working,Faisalabad-TobaTek Singh-Khanewal-Multan-Lodhran-Bahawalpur-Ahmedpur-Khanpur-RahimYar Khan
Center B,Faisalabad,FSD3561,31.43824,73.13995,Faisalabad_RahimYarKhan_2_1_W,P-PE Link,RahimYarKhan,RYK0391,28.42992,70.33626,M2B-FSD-ZT2-HRT-01,GigabitEthernet9/0/9,M2B-RYK-MGW-HRT-01,GigabitEthernet2/0/2,50G,34,0,10G,Working,Faisalabad-PindiBhatian-Sheikhupura-FRF-MC-Pattoki-Okara-Sahiwal-Arifwala-Bhawalnagar-Hasilpur-Bhawalpur-Ahmadpur-Khanpur-RahimYar Khan
Center B,Faisalabad,FSD3561,31.43824,73.13995,Faisalabad_RahimYarKhan_3_1_W,P-PE Link,RahimYarKhan,RYK0391,28.42992,70.33626,M2B-FSD-ZT2-HRT-01,GigabitEthernet15/0/8,M2B-RYK-MGW-HRT-01,GigabitEthernet2/0/7,50G,34,0,10G,Working,Faisalabad-TobaTek Singh-Khanewal-Chichawatni-Vehari-Hasilpur-Bahawalpur-Mubarakpur-Ahmedpur-Khanpur-RahimYar Khan
Center B,Faisalabad,FSD3561,31.43824,73.13995,Faisalabad_RahimYarKhan_3_2_W,P-PE Link,RahimYarKhan,RYK0391,28.42992,70.33626,M2B-FSD-ZT2-HRT-01,GigabitEthernet8/0/2,M2B-RYK-MGW-HRT-01,GigabitEthernet4/0/0,50G,34,0,10G,Working,Faisalabad-TobaTek Singh-Khanewal-Chichawatni-Vehari-Hasilpur-Bahawalpur-Mubarakpur-Ahmedpur-Khanpur-RahimYar Khan
Center B,Faisalabad,FSD3561,31.43824,73.13995,Faisalabad_Bahawalpur_1_1_W,P-PE Link,Bahawalpur,MGW0003,29.3796,71.7308,M2B-FSD-ZT2-HRT-01,50|100GE7/1/0,M2B-BHL-MGW-HRT-01,100GE4/1/0,100G,35,0,100G,Working,"W: Bahawalpur-Lodharan-Multan-Warid MSC-Khanewal-TobaTekSingh-Faisalabad
P:Multan-Lodharan-Bhawalpur-Hasilpur-Vehari-Chichawatni-Adda Mureedwala-Tandliawala-Jaranwala-Faisalabad"
Center B,Faisalabad,FSD3561,31.43824,73.13995,Faisalabad_Bahawalpur_1_1_P,P-PE Link,Bahawalpur,MGW0003,29.3796,71.7308,M2B-FSD-ZT2-HRT-01,50|100GE7/1/0,M2B-BHL-MGW-HRT-01,100GE4/1/0,100G,35,0,100G,Protection,"W: Bahawalpur-Lodharan-Multan-Warid MSC-Khanewal-TobaTekSingh-Faisalabad
P:Multan-Lodharan-Bhawalpur-Hasilpur-Vehari-Chichawatni-Adda Mureedwala-Tandliawala-Jaranwala-Faisalabad"
Center B,Multan,MSC0001,30.1907,71.4506,Multan_Faisalabad_5_1_W,P-PE Link,Faisalabad,FSD3561,31.43824,73.13995,M2B-MLT-REX-HRT-01,GigabitEthernet7/0/0,M2B-FSD-ZT2-HRT-03,GigabitEthernet5/1/1,240 G,30,0,10G,Working,Multan-Lodharan-Bhawalpur-Hasilpur-Bhawalnagar-Arifwala-Sahiwal-Okara-Pattoki-MC-FRF-Sheikhupura-Pindibhattain-Faisalabad
Center B,Multan,MSC0001,30.1907,71.4506,Multan_Faisalabad_5_2_W,P-PE Link,Faisalabad,FSD3561,31.43824,73.13995,M2B-MLT-REX-HRT-01,Gig 4/1/7,M2B-FSD-ZT2-HRT-03,GigabitEthernet5/0/13,240 G,30,0,10G,Working,Multan-Lodharan-Bhawalpur-Hasilpur-Bhawalnagar-Sahiwal-Okara-Pattoki-MC-FRF-Sheikhupura-Pindbhattain-Faisalabad
Center B,Multan,MSC0001,30.1907,71.4506,Multan_Faisalabad_5_3_W,P-PE Link,Faisalabad,FSD3561,31.43824,73.13995,M2B-MLT-REX-HRT-01,Gig4/0/3,M2B-FSD-ZT2-HRT-03,Gig10/0/1,240 G,30,0,10G,Working,Multan-Lodharan-Bhawalpur-Hasilpur-Bhawalnagar-Sahiwal-Okara-Pattoki-MC-FRF-Sheikhupura-Pindbhattain-Faisalabad
Center B,Multan,MSC0001,30.1907,71.4506,Multan_Faisalabad_5_4_W,P-PE Link,Faisalabad,FSD3561,31.43824,73.13995,M2B-MLT-REX-HRT-01,Gig4/1/1,M2B-FSD-ZT2-HRT-03,GigabitEthernet10/1/10,240 G,30,0,10G,Working,Multan-Lodharan-Bhawalpur-Hasilpur-Bhawalnagar-Sahiwal-Okara-Pattoki-MC-FRF-Sheikhupura-Pindbhattain-Faisalabad
Center B,Multan,MSC0001,30.1907,71.4506,Multan_Faisalabad_6_1_W,P-PE Link,Faisalabad,FSD3561,31.43824,73.13995,M2B-MLT-REX-HRT-01,100GE9/0/0,M2B-FSD-ZT2-HRT-03,100GE11/0/0,240 G,30,0,100G,Working,"W: Multan-Warid MSC-Khanewal-TobaTekSingh-Faisalabad
P: Multan-Muzafargarh-KotAdduLayyah-Bhakkar-Hyderbaad Thall- Jhang- Faisalabad"
Center B,Multan,MSC0001,30.1907,71.4506,Multan_Faisalabad_6_1_P,P-PE Link,Faisalabad,FSD3561,31.43824,73.13995,M2B-MLT-REX-HRT-01,100GE9/0/0,M2B-FSD-ZT2-HRT-03,100GE11/0/0,240 G,30,0,100G,Protection,"W: Multan-Warid MSC-Khanewal-TobaTekSingh-Faisalabad
P: Multan-Muzafargarh-KotAdduLayyah-Bhakkar-Hyderbaad Thall- Jhang- Faisalabad"
Center B,Multan,MSC0001,30.1907,71.4506,Multan_Faisalabad_6_2_W,P-PE Link,Faisalabad,FSD3561,31.43824,73.13995,M2B-MLT-REX-HRT-01,100GE9/1/1,M2B-FSD-ZT2-HRT-03,50|100GE3/0/0,240 G,30,0,100G,Working,"W: Multan-Warid MSC-Khanewal-TobaTekSingh-Faisalabad
P: Multan-Muzafargarh-KotAdduLayyah-Bhakkar-Hyderbaad Thall- Jhang- Faisalabad"
Center B,Multan,MSC0001,30.1907,71.4506,Multan_Faisalabad_6_2_P,P-PE Link,Faisalabad,FSD3561,31.43824,73.13995,M2B-MLT-REX-HRT-01,100GE9/1/1,M2B-FSD-ZT2-HRT-03,50|100GE3/0/0,240 G,30,0,100G,Protection,"W: Multan-Warid MSC-Khanewal-TobaTekSingh-Faisalabad
P: Multan-Muzafargarh-KotAdduLayyah-Bhakkar-Hyderbaad Thall- Jhang- Faisalabad"
Center B,Multan,MSC0001,30.1907,71.4506,Multan_Sargodha_1_1_W,P-PE Link,Sargodha,SGD3825,32.1419,72.6444,M2B-MLT-REX-HRT-01,50|100GE6/0/2,M2B-SGD-MGW-HRT-02,100GE2/1/0,100G,32,0,100G,Working,Multan-Khanewal-TobaTek Singh-Faisalabad-Chiniot-Sargodha
Center B,Multan,MSC0001,30.1907,71.4506,Multan_RahimYarKhan_1_1_W,P-PE Link,RahimYarKhan,RYK0391,28.42992,70.33626,M2B-MLT-REX-HRT-01,GigabitEthernet8/0/1,M2B-RYK-MGW-HRT-02,GigabitEthernet2/0/0,50G,34,0,10G,Working,Multan-Muzaffargarh-DGKhan-Rajanpur-Kashmor-Shikarpur-Sukkur-Ghotki-Sadiqabad-RahimYar Khan
Center B,Multan,MSC0001,30.1907,71.4506,Multan_RahimYarKhan_1_2_W,P-PE Link,RahimYarKhan,RYK0391,28.42992,70.33626,M2B-MLT-REX-HRT-01,GigabitEthernet8/0/3,M2B-RYK-MGW-HRT-02,GigabitEthernet2/0/1,50G,34,0,10G,Working,Multan-Muzaffargarh-DGKhan-Rajanpur-Kashmor-Shikarpur-Sukkur-Ghotki-Sadiqabad-RahimYar Khan
Center B,Multan,MSC0001,30.1907,71.4506,Multan_RahimYarKhan_1_3_W,P-PE Link,RahimYarKhan,RYK0391,28.42992,70.33626,M2B-MLT-REX-HRT-01,GigabitEthernet4/1/2,M2B-RYK-MGW-HRT-02,GigabitEthernet2/0/2,50G,34,0,10G,Working,Multan-Muzaffargarh-DGKhan-Rajanpur-Kashmor-Shikarpur-Sukkur-Ghotki-Sadiqabad-RahimYar Khan
Center B,Multan,MSC0001,30.1907,71.4506,Multan_RahimYarKhan_1_4_W,P-PE Link,RahimYarKhan,RYK0391,28.42992,70.33626,M2B-MLT-REX-HRT-01,GigabitEthernet4/1/8,M2B-RYK-MGW-HRT-02,GigabitEthernet2/0/7,50G,34,0,10G,Working,Multan-Muzaffargarh-DGKhan-Rajanpur-Kashmor-Shikarpur-Sukkur-Ghotki-Sadiqabad-RahimYar Khan
Center B,Multan,MSC0001,30.1907,71.4506,Multan_RahimYarKhan_1_5_W,P-PE Link,RahimYarKhan,RYK0391,28.42992,70.33626,M2B-MLT-REX-HRT-01,GigabitEthernet8/0/2,M2B-RYK-MGW-HRT-02,GigabitEthernet4/0/0,50G,34,0,10G,Working,Multan-Muzaffargarh-DGKhan-Rajanpur-Kashmor-Shikarpur-Sukkur-Ghotki-Sadiqabad-RahimYar Khan
Center B,Multan,MSC0001,30.1907,71.4506,Multan_Bahawalpur_1_1_W,P-PE Link,Bahawalpur,MGW0003,29.3796,71.7308,M2B-MLT-REX-HRT-01,50|100GE3/0/0,M2B-BHL-MGW-HRT-02,50|100GE4/1/0,100G,35,0,100G,Working,"W: Multan-Lodharan-Bahawalpur
P: Multan-Warid MSC-Khanewal-Chichawatni-Vehari-Hasilpur-Bahawalpur"
Center B,Multan,MSC0001,30.1907,71.4506,Multan_Bahawalpur_1_1_P,P-PE Link,Bahawalpur,MGW0003,29.3796,71.7308,M2B-MLT-REX-HRT-01,50|100GE3/0/0,M2B-BHL-MGW-HRT-02,50|100GE4/1/0,100G,35,0,100G,Protection,"W: Multan-Lodharan-Bahawalpur
P: Multan-Warid MSC-Khanewal-Chichawatni-Vehari-Hasilpur-Bahawalpur"
South,Karachi,KHI0033,24.83763889,67.11222222,KarachiA_Hyderabad_2_4_W,P-PE Link,Hyderabad,HYD5852,25.36284,68.38067,M2B-KHI-BRQ2-HRT-01,Gig 14/0/3,M2B-HYD-MGW-HRT-01,Gig2/0/6,90G,32,0,10G,Working,BERQ-Asia-Nooriabad-Jamshoro-Hyderabad
South,Karachi,KHI0033,24.83763889,67.11222222,KarachiA_Hyderabad_2_1_W,P-PE Link,Hyderabad,HYD5852,25.36284,68.38067,M2B-KHI-BRQ2-HRT-01,Gig 14/0/1,M2B-HYD-MGW-HRT-01,Gig2/0/10,90G,32,,10G,Working,BERQ-Asia-Nooriabad-Jamshoro-Hyderabad
South,Karachi,KHI0033,24.83763889,67.11222222,KarachiA_Hyderabad_2_2_W,P-PE Link,Hyderabad,HYD5852,25.36284,68.38067,M2B-KHI-BRQ2-HRT-01,Gig 14/0/2,M2B-HYD-MGW-HRT-01,Gig2/0/7,90G,32,,10G,Working,BERQ-Asia-Nooriabad-Jamshoro-Hyderabad
South,Karachi,KHI0033,24.83763889,67.11222222,KarachiA_Hyderabad_2_3_W,P-PE Link,Hyderabad,HYD5852,25.36284,68.38067,M2B-KHI-BRQ2-HRT-01,GigabitEthernet9/0/2,M2B-HYD-MGW-HRT-01,GigabitEthernet2/0/0,90G,32,,10G,Working,BERQ-Asia-Nooriabad-Jamshoro-Hyderabad
South,Karachi,KHI0033,24.83763889,67.11222222,KarachiA_Hyderabad_3_1_W,P-PE Link,Hyderabad,HYD5852,25.36284,68.38067,M2B-KHI-BRQ2-HRT-01,Gig4/0/6,M2B-HYD-MGW-HRT-01,GigabitEthernet2/0/1,90G,32,,10G,Working,BERQ-Anum-Asia-Nooriabad-Jamshoro-Hyderabad
South,Karachi,KHI0033,24.83763889,67.11222222,KarachiA_Hyderabad_3_2_W,P-PE Link,Hyderabad,HYD5852,25.36284,68.38067,M2B-KHI-BRQ2-HRT-01,Gig4/0/3,M2B-HYD-MGW-HRT-01,GigabitEthernet2/0/4,90G,32,,10G,Working,BERQ-Anum-Asia-Nooriabad-Jamshoro-Hyderabad
South,Karachi,KHI0033,24.83763889,67.11222222,KarachiA_Hyderabad_3_3_W,P-PE Link,Hyderabad,HYD5852,25.36284,68.38067,M2B-KHI-BRQ2-HRT-01,GigabitEthernet4/0/8,M2B-HYD-MGW-HRT-01,GigabitEthernet2/0/2,90G,32,,10G,Working,BERQ-Anum-Asia-Nooriabad-Jamshoro-Hyderabad
South,Karachi,KHI0033,24.83763889,67.11222222,KarachiA_Hyderabad_3_4_W,P-PE Link,Hyderabad,HYD5852,25.36284,68.38067,M2B-KHI-BRQ2-HRT-01,GigabitEthernet8/0/0,M2B-HYD-MGW-HRT-01,GigabitEthernet2/0/3,90G,32,,10G,Working,BERQ-Anum-Asia-Nooriabad-Jamshoro-Hyderabad
South,Karachi,KHI0033,24.83763889,67.11222222,KarachiA_Hyderabad_3_5_W,P-PE Link,Hyderabad,HYD5852,25.36284,68.38067,M2B-KHI-BRQ2-HRT-01,GigabitEthernet4/0/7,M2B-HYD-MGW-HRT-01,GigabitEthernet2/0/8,90G,32,,10G,Working,BERQ-Anum-Asia-Nooriabad-Jamshoro-Hyderabad
South,Karachi,KHI0033,24.83763889,67.11222222,KarachiA_Quetta_2_1_W,P-PE Link,Quetta,QTA0430,30.21743,66.99329,M2B-KHI-BRQ2-HRT-01,Gig14/0/0,M2B-QTA-MGW-HRT-01,Gig7/1/3,50G,33,0,10G,Working,BERQ-Anum-Asia-Nooriabad-Jamshoro-kalari-dadu-Mehar-Larkana-Shikarpur-Jacobabad-DMJ-Sibbi-Mach-Quetta
South,Karachi,KHI0033,24.83763889,67.11222222,KarachiA_Quetta_3_1_W,P-PE Link,Quetta,QTA0430,30.21743,66.99329,M2B-KHI-BRQ2-HRT-01,Gig8/0/3,M2B-QTA-MGW-HRT-01,GigabitEthernet2/1/1,50G,33,,10G,Working,BERQ-Asia-Nooriabad-Jamshoro-kalari-dadu-Mehar-Larkana-Shikarpur-Jacobabad-DMJ-Sibbi-Mach-Quetta
South,Karachi,KHI0033,24.83763889,67.11222222,KarachiA_Quetta_3_2_W,P-PE Link,Quetta,QTA0430,30.21743,66.99329,M2B-KHI-BRQ2-HRT-01,Gig4/0/9,M2B-QTA-MGW-HRT-01,GigabitEthernet2/0/3,50G,33,,10G,Working,BERQ-Asia-Nooriabad-Jamshoro-kalari-dadu-Mehar-Larkana-Shikarpur-Jacobabad-DMJ-Sibbi-Mach-Quetta
South,Karachi,KHI0033,24.83763889,67.11222222,KarachiA_Quetta_3_3_W,P-PE Link,Quetta,QTA0430,30.21743,66.99329,M2B-KHI-BRQ2-HRT-01,Gig3/0/0,M2B-QTA-MGW-HRT-01,GigabitEthernet2/0/5,50G,33,,10G,Working,BERQ-Asia-Nooriabad-Jamshoro-kalari-dadu-Mehar-Larkana-Shikarpur-Jacobabad-DMJ-Sibbi-Mach-Quetta
South,Karachi,KHI0033,24.83763889,67.11222222,KarachiA_Quetta_3_4_W,P-PE Link,Quetta,QTA0430,30.21743,66.99329,M2B-KHI-BRQ2-HRT-01,GigabitEthernet3/0/4,M2B-QTA-MGW-HRT-01,GigabitEthernet2/0/6,50G,33,,10G,Working,BERQ-Asia-Nooriabad-Jamshoro-kalari-dadu-Mehar-Larkana-Shikarpur-Jacobabad-DMJ-Sibbi-Mach-Quetta
South,Karachi,KHI0033,24.83763889,67.11222222,KarachiA_Sukkur_3_1_W,P-PE Link,Sukkur,SUK0795,27.71657,68.8391,M2B-KHI-BRQ2-HRT-01,100GE7/1/0,M2B-SKR-MGW-HRT-01,50|100GE4/0/0,200G,34,0,100G,Working,"W: BERQ-MDKA2437-Thatta-Hyderabad-Hala-Nawabshah-Moro-Ranipur-Khairpur-Sukkur
P: BERQ-Asia-Nooriabad-Jamshoro-Kalari-Dadu-Mehar-Larkana-Shikarpur-Sukkur"
South,Karachi,KHI0033,24.83763889,67.11222222,KarachiA_Sukkur_3_1_P,P-PE Link,Sukkur,SUK0795,27.71657,68.8391,M2B-KHI-BRQ2-HRT-01,100GE7/1/0,M2B-SKR-MGW-HRT-01,50|100GE4/0/0,200G,34,0,100G,Protection,"W: BERQ-MDKA2437-Thatta-Hyderabad-Hala-Nawabshah-Moro-Ranipur-Khairpur-Sukkur
P: BERQ-Asia-Nooriabad-Jamshoro-Kalari-Dadu-Mehar-Larkana-Shikarpur-Sukkur"
South,Karachi,KHI0033,24.83763889,67.11222222,KarachiA_Sukkur_3_2_W,P-PE Link,Sukkur,SUK0795,27.71657,68.8391,M2B-KHI-BRQ2-HRT-01,100GE10/0/0,M2B-SKR-MGW-HRT-01,100GE6/0/0,200G,34,,100G,Working,"W: BERQ-MDKA2437-Thatta-Hyderabad-Hala-Nawabshah-Moro-Ranipur-Khairpur-Sukkur
P: BERQ-Asia-Nooriabad-Jamshoro-Kalari-Dadu-Mehar-Larkana-Shikarpur-Sukkur"
South,Karachi,KHI0033,24.83763889,67.11222222,KarachiA_Sukkur_3_2_P,P-PE Link,Sukkur,SUK0795,27.71657,68.8391,M2B-KHI-BRQ2-HRT-01,100GE10/0/0,M2B-SKR-MGW-HRT-01,100GE6/0/0,200G,34,,100G,Protection,"W: BERQ-MDKA2437-Thatta-Hyderabad-Hala-Nawabshah-Moro-Ranipur-Khairpur-Sukkur
P: BERQ-Asia-Nooriabad-Jamshoro-Kalari-Dadu-Mehar-Larkana-Shikarpur-Sukkur"
South,Karachi,KHI0033,24.83763889,67.11222222,KarachiB_Hyderabad_1_1_W,P-PE Link,Hyderabad,HYD5852,25.36284,68.38067,M2B-KHI-BRQ1-HRT-01, Gig14/0/1,M2B-HYD-MGW-HRT-02, Gig2/0/6,80 G,32,0,10G,Working,BERQ-Gharo-Thatta-Jharrak-Hyderabad
South,Karachi,KHI0033,24.83763889,67.11222222,KarachiB_Hyderabad_1_2_W,P-PE Link,Hyderabad,HYD5852,25.36284,68.38067,M2B-KHI-BRQ1-HRT-01, Gig14/0/2,M2B-HYD-MGW-HRT-02, Gig2/0/7,80 G,32,,10G,Working,BERQ-Gharo-Thatta-Jharrak-Hyderabad
South,Karachi,KHI0033,24.83763889,67.11222222,KarachiB_Hyderabad_1_3_W,P-PE Link,Hyderabad,HYD5852,25.36284,68.38067,M2B-KHI-BRQ1-HRT-01,GigabitEthernet14/1/1 ,M2B-HYD-MGW-HRT-02,GigabitEthernet 2/0/0,80 G,32,,10G,Working,BERQ-Gharo-Thatta-Jharrak-Hyderabad
South,Karachi,KHI0033,24.83763889,67.11222222,KarachiB_Hyderabad_1_4_W,P-PE Link,Hyderabad,HYD5852,25.36284,68.38067,M2B-KHI-BRQ1-HRT-01,Gig14/0/4,M2B-HYD-MGW-HRT-02,Gig 2/0/1,80 G,32,,10G,Working,BERQ-Gharo-Thatta-Jharrak-Hyderabad
South,Karachi,KHI0033,24.83763889,67.11222222,KarachiB_Hyderabad_1_5_W,P-PE Link,Hyderabad,HYD5852,25.36284,68.38067,M2B-KHI-BRQ1-HRT-01,Gig14/0/0,M2B-HYD-MGW-HRT-02,Gig 2/0/4,80 G,32,,10G,Working,BERQ-Gharo-Thatta-Jharrak-Hyderabad
South,Karachi,KHI0033,24.83763889,67.11222222,KarachiB_Hyderabad_1_6_W,P-PE Link,Hyderabad,HYD5852,25.36284,68.38067,M2B-KHI-BRQ1-HRT-01,GigabitEthernet9/0/6,M2B-HYD-MGW-HRT-02,GigabitEthernet 2/0/2,80 G,32,,10G,Working,BERQ-Gharo-Thatta-Jharrak-Hyderabad
South,Karachi,KHI0033,24.83763889,67.11222222,KarachiB_Hyderabad_1_7_W,P-PE Link,Hyderabad,HYD5852,25.36284,68.38067,M2B-KHI-BRQ1-HRT-01,GigabitEthernet14/0/3,M2B-HYD-MGW-HRT-02,GigabitEthernet 2/0/3,80 G,32,,10G,Working,BERQ-Gharo-Thatta-Jharrak-Hyderabad
South,Karachi,KHI0033,24.83763889,67.11222222,KarachiB_Hyderabad_1_8_W,P-PE Link,Hyderabad,HYD5852,25.36284,68.38067,M2B-KHI-BRQ1-HRT-01,GigabitEthernet9/0/4,M2B-HYD-MGW-HRT-02,GigabitEthernet2/0/8,80 G,32,,10G,Working,BERQ-Gharo-Thatta-Jharrak-Hyderabad
South,Karachi,KHI0033,24.83763889,67.11222222,KarachiB_Quetta_1_1_W,P-PE Link,Quetta,QTA0430,30.21743,66.99329,M2B-KHI-BRQ1-HRT-01,50|100GE10/0/4,M2B-QTA-MGW-HRT-02,100GE5/1/0,100G,33,0,100G,Working,BERQ-MDKA2437-Thatta-Hyderabad-Hala-Nawabshah-Moro-Ranipur-Khairpur-Sukkur-Shikarpur-JacobabadWateen-DMJWateen-SibbiWateen-MachWateen-Quetta
South,Karachi,KHI0033,24.83763889,67.11222222,KarachiB_Sukkur_1_1_W,P-PE Link,Sukkur,SUK0795,27.71657,68.8391,M2B-KHI-BRQ1-HRT-01,50|100GE7/0/0,M2B-SKR-MGW-HRT-02,50|100GE4/0/0,200G,34,0,100G,Working,W: BERQ-MDKA2437-Thatta-Hyderabad-Hala-Nawabshah-Moro-Ranipur-Khairpur-Sukkur
South,Karachi,KHI0033,24.83763889,67.11222222,KarachiB_Sukkur_2_1_W,P-PE Link,Sukkur,SUK0795,27.71657,68.8391,M2B-KHI-BRQ1-HRT-01,50|100GE7/1/0,M2B-SKR-MGW-HRT-02,100GE6/0/0,200G,34,0,100G,Working,W: BERQ-Asia-Nooriabad-Jamshoro-Kalari-Dadu-Mehar-Larkana-Shikarpur-Sukkur
,,,,,,,,,,,,,,,,,,,,
,,,,,,,,,,,,,,,,,,,,
,,,,,,,,,,,,,,,,,,,,
,,,,,,,,,,,,,,,,,,,,
,,,,,,,,,,,,,,,,,,,,
,,,,,,,,,,,,,,,,,,,,
,,,,,,,,,,,,,,,,,,,,
